frame,obj_idx,type,distance_m,n_points,axis,level,inbox_ratio
000001,0,Truck,69.4416,70,yaw,0.0,1.0
000001,1,Cyclist,46.0692,18,yaw,0.0,1.0
000001,0,Truck,69.4416,70,yaw,0.5,0.7571
000001,1,Cyclist,46.0692,18,yaw,0.5,0.5556
000001,0,Truck,69.4416,70,yaw,1.0,0.5429
000001,1,Cyclist,46.0692,18,yaw,1.0,0.0
000001,0,Truck,69.4416,70,yaw,2.0,0.1
000001,1,Cyclist,46.0692,18,yaw,2.0,0.0
000001,0,Truck,69.4416,70,yaw,3.0,0.0
000001,1,Cyclist,46.0692,18,yaw,3.0,0.0
000001,0,Truck,69.4416,70,pitch,0.0,1.0
000001,1,Cyclist,46.0692,18,pitch,0.0,1.0
000001,0,Truck,69.4416,70,pitch,0.5,0.9286
000001,1,Cyclist,46.0692,18,pitch,0.5,0.9444
000001,0,Truck,69.4416,70,pitch,1.0,0.7
000001,1,Cyclist,46.0692,18,pitch,1.0,0.7222
000001,0,Truck,69.4416,70,pitch,2.0,0.1429
000001,1,Cyclist,46.0692,18,pitch,2.0,0.1111
000001,0,Truck,69.4416,70,pitch,3.0,0.0
000001,1,Cyclist,46.0692,18,pitch,3.0,0.0
000001,0,Truck,69.4416,70,roll,0.0,1.0
000001,1,Cyclist,46.0692,18,roll,0.0,1.0
000001,0,Truck,69.4416,70,roll,0.5,1.0
000001,1,Cyclist,46.0692,18,roll,0.5,1.0
000001,0,Truck,69.4416,70,roll,1.0,1.0
000001,1,Cyclist,46.0692,18,roll,1.0,1.0
000001,0,Truck,69.4416,70,roll,2.0,1.0
000001,1,Cyclist,46.0692,18,roll,2.0,1.0
000001,0,Truck,69.4416,70,roll,3.0,1.0
000001,1,Cyclist,46.0692,18,roll,3.0,0.9444
000001,0,Truck,69.4416,70,lateral_t,0.0,1.0
000001,1,Cyclist,46.0692,18,lateral_t,0.0,1.0
000001,0,Truck,69.4416,70,lateral_t,0.02,1.0
000001,1,Cyclist,46.0692,18,lateral_t,0.02,1.0
000001,0,Truck,69.4416,70,lateral_t,0.05,0.9857
000001,1,Cyclist,46.0692,18,lateral_t,0.05,1.0
000001,0,Truck,69.4416,70,lateral_t,0.1,0.9714
000001,1,Cyclist,46.0692,18,lateral_t,0.1,0.9444
000004,0,Car,41.3598,77,yaw,0.0,1.0
000004,1,Car,53.5804,26,yaw,0.0,1.0
000004,0,Car,41.3598,77,yaw,0.5,0.974
000004,1,Car,53.5804,26,yaw,0.5,0.8462
000004,0,Car,41.3598,77,yaw,1.0,0.8442
000004,1,Car,53.5804,26,yaw,1.0,0.6538
000004,0,Car,41.3598,77,yaw,2.0,0.6104
000004,1,Car,53.5804,26,yaw,2.0,0.3462
000004,0,Car,41.3598,77,yaw,3.0,0.2727
000004,1,Car,53.5804,26,yaw,3.0,0.0
000004,0,Car,41.3598,77,pitch,0.0,1.0
000004,1,Car,53.5804,26,pitch,0.0,1.0
000004,0,Car,41.3598,77,pitch,0.5,0.8571
000004,1,Car,53.5804,26,pitch,0.5,1.0
000004,0,Car,41.3598,77,pitch,1.0,0.3117
000004,1,Car,53.5804,26,pitch,1.0,0.0385
000004,0,Car,41.3598,77,pitch,2.0,0.0
000004,1,Car,53.5804,26,pitch,2.0,0.0
000004,0,Car,41.3598,77,pitch,3.0,0.0
000004,1,Car,53.5804,26,pitch,3.0,0.0
000004,0,Car,41.3598,77,roll,0.0,1.0
000004,1,Car,53.5804,26,roll,0.0,1.0
000004,0,Car,41.3598,77,roll,0.5,1.0
000004,1,Car,53.5804,26,roll,0.5,1.0
000004,0,Car,41.3598,77,roll,1.0,1.0
000004,1,Car,53.5804,26,roll,1.0,1.0
000004,0,Car,41.3598,77,roll,2.0,0.9481
000004,1,Car,53.5804,26,roll,2.0,0.9615
000004,0,Car,41.3598,77,roll,3.0,0.6883
000004,1,Car,53.5804,26,roll,3.0,0.5
000004,0,Car,41.3598,77,lateral_t,0.0,1.0
000004,1,Car,53.5804,26,lateral_t,0.0,1.0
000004,0,Car,41.3598,77,lateral_t,0.02,1.0
000004,1,Car,53.5804,26,lateral_t,0.02,1.0
000004,0,Car,41.3598,77,lateral_t,0.05,1.0
000004,1,Car,53.5804,26,lateral_t,0.05,1.0
000004,0,Car,41.3598,77,lateral_t,0.1,1.0
000004,1,Car,53.5804,26,lateral_t,0.1,1.0
000007,0,Car,25.0195,191,yaw,0.0,1.0
000007,1,Car,48.127,19,yaw,0.0,1.0
000007,2,Cyclist,36.3544,25,yaw,0.0,1.0
000007,0,Car,25.0195,191,yaw,0.5,0.9005
000007,1,Car,48.127,19,yaw,0.5,0.6842
000007,2,Cyclist,36.3544,25,yaw,0.5,0.96
000007,0,Car,25.0195,191,yaw,1.0,0.7853
000007,1,Car,48.127,19,yaw,1.0,0.5263
000007,2,Cyclist,36.3544,25,yaw,1.0,0.44
000007,0,Car,25.0195,191,yaw,2.0,0.5131
000007,1,Car,48.127,19,yaw,2.0,0.0526
000007,2,Cyclist,36.3544,25,yaw,2.0,0.0
000007,0,Car,25.0195,191,yaw,3.0,0.2199
000007,1,Car,48.127,19,yaw,3.0,0.0
000007,2,Cyclist,36.3544,25,yaw,3.0,0.0
000007,0,Car,25.0195,191,pitch,0.0,1.0
000007,1,Car,48.127,19,pitch,0.0,1.0
000007,2,Cyclist,36.3544,25,pitch,0.0,1.0
000007,0,Car,25.0195,191,pitch,0.5,0.8901
000007,1,Car,48.127,19,pitch,0.5,0.3684
000007,2,Cyclist,36.3544,25,pitch,0.5,0.92
000007,0,Car,25.0195,191,pitch,1.0,0.6702
000007,1,Car,48.127,19,pitch,1.0,0.0
000007,2,Cyclist,36.3544,25,pitch,1.0,0.68
000007,0,Car,25.0195,191,pitch,2.0,0.3298
000007,1,Car,48.127,19,pitch,2.0,0.0
000007,2,Cyclist,36.3544,25,pitch,2.0,0.2
000007,0,Car,25.0195,191,pitch,3.0,0.1047
000007,1,Car,48.127,19,pitch,3.0,0.0
000007,2,Cyclist,36.3544,25,pitch,3.0,0.0
000007,0,Car,25.0195,191,roll,0.0,1.0
000007,1,Car,48.127,19,roll,0.0,1.0
000007,2,Cyclist,36.3544,25,roll,0.0,1.0
000007,0,Car,25.0195,191,roll,0.5,1.0
000007,1,Car,48.127,19,roll,0.5,1.0
000007,2,Cyclist,36.3544,25,roll,0.5,1.0
000007,0,Car,25.0195,191,roll,1.0,1.0
000007,1,Car,48.127,19,roll,1.0,1.0
000007,2,Cyclist,36.3544,25,roll,1.0,0.96
000007,0,Car,25.0195,191,roll,2.0,1.0
000007,1,Car,48.127,19,roll,2.0,1.0
000007,2,Cyclist,36.3544,25,roll,2.0,0.84
000007,0,Car,25.0195,191,roll,3.0,0.9948
000007,1,Car,48.127,19,roll,3.0,1.0
000007,2,Cyclist,36.3544,25,roll,3.0,0.68
000007,0,Car,25.0195,191,lateral_t,0.0,1.0
000007,1,Car,48.127,19,lateral_t,0.0,1.0
000007,2,Cyclist,36.3544,25,lateral_t,0.0,1.0
000007,0,Car,25.0195,191,lateral_t,0.02,1.0
000007,1,Car,48.127,19,lateral_t,0.02,1.0
000007,2,Cyclist,36.3544,25,lateral_t,0.02,1.0
000007,0,Car,25.0195,191,lateral_t,0.05,1.0
000007,1,Car,48.127,19,lateral_t,0.05,0.9474
000007,2,Cyclist,36.3544,25,lateral_t,0.05,1.0
000007,0,Car,25.0195,191,lateral_t,0.1,0.9738
000007,1,Car,48.127,19,lateral_t,0.1,0.9474
000007,2,Cyclist,36.3544,25,lateral_t,0.1,1.0
000008,0,Car,4.5643,1412,yaw,0.0,1.0
000008,1,Car,7.9466,1940,yaw,0.0,1.0
000008,2,Car,7.2345,871,yaw,0.0,1.0
000008,3,Car,14.4796,668,yaw,0.0,1.0
000008,4,Car,33.9803,53,yaw,0.0,1.0
000008,5,Car,21.6867,164,yaw,0.0,1.0
000008,0,Car,4.5643,1412,yaw,0.5,0.971
000008,1,Car,7.9466,1940,yaw,0.5,1.0
000008,2,Car,7.2345,871,yaw,0.5,1.0
000008,3,Car,14.4796,668,yaw,0.5,1.0
000008,4,Car,33.9803,53,yaw,0.5,0.9057
000008,5,Car,21.6867,164,yaw,0.5,0.9878
000008,0,Car,4.5643,1412,yaw,1.0,0.9384
000008,1,Car,7.9466,1940,yaw,1.0,1.0
000008,2,Car,7.2345,871,yaw,1.0,0.9977
000008,3,Car,14.4796,668,yaw,1.0,0.9805
000008,4,Car,33.9803,53,yaw,1.0,0.7547
000008,5,Car,21.6867,164,yaw,1.0,0.8659
000008,0,Car,4.5643,1412,yaw,2.0,0.881
000008,1,Car,7.9466,1940,yaw,2.0,0.9938
000008,2,Car,7.2345,871,yaw,2.0,0.961
000008,3,Car,14.4796,668,yaw,2.0,0.8638
000008,4,Car,33.9803,53,yaw,2.0,0.3208
000008,5,Car,21.6867,164,yaw,2.0,0.6037
000008,0,Car,4.5643,1412,yaw,3.0,0.8307
000008,1,Car,7.9466,1940,yaw,3.0,0.9763
000008,2,Car,7.2345,871,yaw,3.0,0.938
000008,3,Car,14.4796,668,yaw,3.0,0.729
000008,4,Car,33.9803,53,yaw,3.0,0.0566
000008,5,Car,21.6867,164,yaw,3.0,0.378
000008,0,Car,4.5643,1412,pitch,0.0,1.0
000008,1,Car,7.9466,1940,pitch,0.0,1.0
000008,2,Car,7.2345,871,pitch,0.0,1.0
000008,3,Car,14.4796,668,pitch,0.0,1.0
000008,4,Car,33.9803,53,pitch,0.0,1.0
000008,5,Car,21.6867,164,pitch,0.0,1.0
000008,0,Car,4.5643,1412,pitch,0.5,0.9405
000008,1,Car,7.9466,1940,pitch,0.5,0.9892
000008,2,Car,7.2345,871,pitch,0.5,0.9357
000008,3,Car,14.4796,668,pitch,0.5,0.9731
000008,4,Car,33.9803,53,pitch,0.5,0.7358
000008,5,Car,21.6867,164,pitch,0.5,0.9634
000008,0,Car,4.5643,1412,pitch,1.0,0.8676
000008,1,Car,7.9466,1940,pitch,1.0,0.9691
000008,2,Car,7.2345,871,pitch,1.0,0.8657
000008,3,Car,14.4796,668,pitch,1.0,0.9237
000008,4,Car,33.9803,53,pitch,1.0,0.434
000008,5,Car,21.6867,164,pitch,1.0,0.8659
000008,0,Car,4.5643,1412,pitch,2.0,0.7025
000008,1,Car,7.9466,1940,pitch,2.0,0.9149
000008,2,Car,7.2345,871,pitch,2.0,0.7118
000008,3,Car,14.4796,668,pitch,2.0,0.7425
000008,4,Car,33.9803,53,pitch,2.0,0.0377
000008,5,Car,21.6867,164,pitch,2.0,0.5732
000008,0,Car,4.5643,1412,pitch,3.0,0.5666
000008,1,Car,7.9466,1940,pitch,3.0,0.8433
000008,2,Car,7.2345,871,pitch,3.0,0.5936
000008,3,Car,14.4796,668,pitch,3.0,0.5344
000008,4,Car,33.9803,53,pitch,3.0,0.0
000008,5,Car,21.6867,164,pitch,3.0,0.2317
000008,0,Car,4.5643,1412,roll,0.0,1.0
000008,1,Car,7.9466,1940,roll,0.0,1.0
000008,2,Car,7.2345,871,roll,0.0,1.0
000008,3,Car,14.4796,668,roll,0.0,1.0
000008,4,Car,33.9803,53,roll,0.0,1.0
000008,5,Car,21.6867,164,roll,0.0,1.0
000008,0,Car,4.5643,1412,roll,0.5,0.9993
000008,1,Car,7.9466,1940,roll,0.5,1.0
000008,2,Car,7.2345,871,roll,0.5,0.9621
000008,3,Car,14.4796,668,roll,0.5,1.0
000008,4,Car,33.9803,53,roll,0.5,1.0
000008,5,Car,21.6867,164,roll,0.5,1.0
000008,0,Car,4.5643,1412,roll,1.0,0.9972
000008,1,Car,7.9466,1940,roll,1.0,0.9948
000008,2,Car,7.2345,871,roll,1.0,0.9242
000008,3,Car,14.4796,668,roll,1.0,1.0
000008,4,Car,33.9803,53,roll,1.0,0.8868
000008,5,Car,21.6867,164,roll,1.0,0.9817
000008,0,Car,4.5643,1412,roll,2.0,0.9377
000008,1,Car,7.9466,1940,roll,2.0,0.9845
000008,2,Car,7.2345,871,roll,2.0,0.8358
000008,3,Car,14.4796,668,roll,2.0,1.0
000008,4,Car,33.9803,53,roll,2.0,0.7358
000008,5,Car,21.6867,164,roll,2.0,0.8902
000008,0,Car,4.5643,1412,roll,3.0,0.8669
000008,1,Car,7.9466,1940,roll,3.0,0.9763
000008,2,Car,7.2345,871,roll,3.0,0.7451
000008,3,Car,14.4796,668,roll,3.0,1.0
000008,4,Car,33.9803,53,roll,3.0,0.6415
000008,5,Car,21.6867,164,roll,3.0,0.7439
000008,0,Car,4.5643,1412,lateral_t,0.0,1.0
000008,1,Car,7.9466,1940,lateral_t,0.0,1.0
000008,2,Car,7.2345,871,lateral_t,0.0,1.0
000008,3,Car,14.4796,668,lateral_t,0.0,1.0
000008,4,Car,33.9803,53,lateral_t,0.0,1.0
000008,5,Car,21.6867,164,lateral_t,0.0,1.0
000008,0,Car,4.5643,1412,lateral_t,0.02,0.9915
000008,1,Car,7.9466,1940,lateral_t,0.02,1.0
000008,2,Car,7.2345,871,lateral_t,0.02,1.0
000008,3,Car,14.4796,668,lateral_t,0.02,1.0
000008,4,Car,33.9803,53,lateral_t,0.02,1.0
000008,5,Car,21.6867,164,lateral_t,0.02,1.0
000008,0,Car,4.5643,1412,lateral_t,0.05,0.978
000008,1,Car,7.9466,1940,lateral_t,0.05,1.0
000008,2,Car,7.2345,871,lateral_t,0.05,1.0
000008,3,Car,14.4796,668,lateral_t,0.05,1.0
000008,4,Car,33.9803,53,lateral_t,0.05,1.0
000008,5,Car,21.6867,164,lateral_t,0.05,1.0
000008,0,Car,4.5643,1412,lateral_t,0.1,0.9504
000008,1,Car,7.9466,1940,lateral_t,0.1,1.0
000008,2,Car,7.2345,871,lateral_t,0.1,1.0
000008,3,Car,14.4796,668,lateral_t,0.1,1.0
000008,4,Car,33.9803,53,lateral_t,0.1,1.0
000008,5,Car,21.6867,164,lateral_t,0.1,1.0
000009,0,Car,23.8903,219,yaw,0.0,1.0
000009,0,Car,23.8903,219,yaw,0.5,0.9269
000009,0,Car,23.8903,219,yaw,1.0,0.8219
000009,0,Car,23.8903,219,yaw,2.0,0.5479
000009,0,Car,23.8903,219,yaw,3.0,0.3014
000009,0,Car,23.8903,219,pitch,0.0,1.0
000009,0,Car,23.8903,219,pitch,0.5,0.8858
000009,0,Car,23.8903,219,pitch,1.0,0.7443
000009,0,Car,23.8903,219,pitch,2.0,0.4155
000009,0,Car,23.8903,219,pitch,3.0,0.1233
000009,0,Car,23.8903,219,roll,0.0,1.0
000009,0,Car,23.8903,219,roll,0.5,1.0
000009,0,Car,23.8903,219,roll,1.0,1.0
000009,0,Car,23.8903,219,roll,2.0,1.0
000009,0,Car,23.8903,219,roll,3.0,1.0
000009,0,Car,23.8903,219,lateral_t,0.0,1.0
000009,0,Car,23.8903,219,lateral_t,0.02,1.0
000009,0,Car,23.8903,219,lateral_t,0.05,1.0
000009,0,Car,23.8903,219,lateral_t,0.1,0.9909
000010,0,Car,6.8312,277,yaw,0.0,1.0
000010,1,Car,12.0396,1016,yaw,0.0,1.0
000010,2,Pedestrian,24.9421,23,yaw,0.0,1.0
000010,3,Car,17.5064,340,yaw,0.0,1.0
000010,4,Car,23.0954,48,yaw,0.0,1.0
000010,5,Car,23.6431,246,yaw,0.0,1.0
000010,6,Car,29.077,55,yaw,0.0,1.0
000010,7,Car,29.5982,33,yaw,0.0,1.0
000010,8,Car,43.0856,20,yaw,0.0,1.0
000010,0,Car,6.8312,277,yaw,0.5,0.9964
000010,1,Car,12.0396,1016,yaw,0.5,1.0
000010,2,Pedestrian,24.9421,23,yaw,0.5,0.8261
000010,3,Car,17.5064,340,yaw,0.5,0.9971
000010,4,Car,23.0954,48,yaw,0.5,0.9792
000010,5,Car,23.6431,246,yaw,0.5,1.0
000010,6,Car,29.077,55,yaw,0.5,1.0
000010,7,Car,29.5982,33,yaw,0.5,0.8182
000010,8,Car,43.0856,20,yaw,0.5,1.0
000010,0,Car,6.8312,277,yaw,1.0,0.9711
000010,1,Car,12.0396,1016,yaw,1.0,1.0
000010,2,Pedestrian,24.9421,23,yaw,1.0,0.3043
000010,3,Car,17.5064,340,yaw,1.0,0.9588
000010,4,Car,23.0954,48,yaw,1.0,0.625
000010,5,Car,23.6431,246,yaw,1.0,0.9431
000010,6,Car,29.077,55,yaw,1.0,0.9636
000010,7,Car,29.5982,33,yaw,1.0,0.5758
000010,8,Car,43.0856,20,yaw,1.0,0.85
000010,0,Car,6.8312,277,yaw,2.0,0.8339
000010,1,Car,12.0396,1016,yaw,2.0,0.9685
000010,2,Pedestrian,24.9421,23,yaw,2.0,0.0
000010,3,Car,17.5064,340,yaw,2.0,0.8735
000010,4,Car,23.0954,48,yaw,2.0,0.25
000010,5,Car,23.6431,246,yaw,2.0,0.7602
000010,6,Car,29.077,55,yaw,2.0,0.8909
000010,7,Car,29.5982,33,yaw,2.0,0.1212
000010,8,Car,43.0856,20,yaw,2.0,0.25
000010,0,Car,6.8312,277,yaw,3.0,0.722
000010,1,Car,12.0396,1016,yaw,3.0,0.9085
000010,2,Pedestrian,24.9421,23,yaw,3.0,0.0
000010,3,Car,17.5064,340,yaw,3.0,0.6971
000010,4,Car,23.0954,48,yaw,3.0,0.125
000010,5,Car,23.6431,246,yaw,3.0,0.5244
000010,6,Car,29.077,55,yaw,3.0,0.6
000010,7,Car,29.5982,33,yaw,3.0,0.0
000010,8,Car,43.0856,20,yaw,3.0,0.1
000010,0,Car,6.8312,277,pitch,0.0,1.0
000010,1,Car,12.0396,1016,pitch,0.0,1.0
000010,2,Pedestrian,24.9421,23,pitch,0.0,1.0
000010,3,Car,17.5064,340,pitch,0.0,1.0
000010,4,Car,23.0954,48,pitch,0.0,1.0
000010,5,Car,23.6431,246,pitch,0.0,1.0
000010,6,Car,29.077,55,pitch,0.0,1.0
000010,7,Car,29.5982,33,pitch,0.0,1.0
000010,8,Car,43.0856,20,pitch,0.0,1.0
000010,0,Car,6.8312,277,pitch,0.5,0.9061
000010,1,Car,12.0396,1016,pitch,0.5,0.998
000010,2,Pedestrian,24.9421,23,pitch,0.5,1.0
000010,3,Car,17.5064,340,pitch,0.5,0.9676
000010,4,Car,23.0954,48,pitch,0.5,0.8958
000010,5,Car,23.6431,246,pitch,0.5,0.8496
000010,6,Car,29.077,55,pitch,0.5,0.7818
000010,7,Car,29.5982,33,pitch,0.5,0.6364
000010,8,Car,43.0856,20,pitch,0.5,0.6
000010,0,Car,6.8312,277,pitch,1.0,0.8484
000010,1,Car,12.0396,1016,pitch,1.0,0.9823
000010,2,Pedestrian,24.9421,23,pitch,1.0,1.0
000010,3,Car,17.5064,340,pitch,1.0,0.8794
000010,4,Car,23.0954,48,pitch,1.0,0.7708
000010,5,Car,23.6431,246,pitch,1.0,0.7195
000010,6,Car,29.077,55,pitch,1.0,0.6182
000010,7,Car,29.5982,33,pitch,1.0,0.4242
000010,8,Car,43.0856,20,pitch,1.0,0.3
000010,0,Car,6.8312,277,pitch,2.0,0.4729
000010,1,Car,12.0396,1016,pitch,2.0,0.8307
000010,2,Pedestrian,24.9421,23,pitch,2.0,1.0
000010,3,Car,17.5064,340,pitch,2.0,0.6
000010,4,Car,23.0954,48,pitch,2.0,0.625
000010,5,Car,23.6431,246,pitch,2.0,0.3902
000010,6,Car,29.077,55,pitch,2.0,0.2727
000010,7,Car,29.5982,33,pitch,2.0,0.1515
000010,8,Car,43.0856,20,pitch,2.0,0.0
000010,0,Car,6.8312,277,pitch,3.0,0.296
000010,1,Car,12.0396,1016,pitch,3.0,0.6299
000010,2,Pedestrian,24.9421,23,pitch,3.0,0.7391
000010,3,Car,17.5064,340,pitch,3.0,0.4118
000010,4,Car,23.0954,48,pitch,3.0,0.3333
000010,5,Car,23.6431,246,pitch,3.0,0.1098
000010,6,Car,29.077,55,pitch,3.0,0.1273
000010,7,Car,29.5982,33,pitch,3.0,0.1515
000010,8,Car,43.0856,20,pitch,3.0,0.0
000010,0,Car,6.8312,277,roll,0.0,1.0
000010,1,Car,12.0396,1016,roll,0.0,1.0
000010,2,Pedestrian,24.9421,23,roll,0.0,1.0
000010,3,Car,17.5064,340,roll,0.0,1.0
000010,4,Car,23.0954,48,roll,0.0,1.0
000010,5,Car,23.6431,246,roll,0.0,1.0
000010,6,Car,29.077,55,roll,0.0,1.0
000010,7,Car,29.5982,33,roll,0.0,1.0
000010,8,Car,43.0856,20,roll,0.0,1.0
000010,0,Car,6.8312,277,roll,0.5,0.9458
000010,1,Car,12.0396,1016,roll,0.5,1.0
000010,2,Pedestrian,24.9421,23,roll,0.5,1.0
000010,3,Car,17.5064,340,roll,0.5,1.0
000010,4,Car,23.0954,48,roll,0.5,1.0
000010,5,Car,23.6431,246,roll,0.5,1.0
000010,6,Car,29.077,55,roll,0.5,0.9273
000010,7,Car,29.5982,33,roll,0.5,1.0
000010,8,Car,43.0856,20,roll,0.5,1.0
000010,0,Car,6.8312,277,roll,1.0,0.8664
000010,1,Car,12.0396,1016,roll,1.0,1.0
000010,2,Pedestrian,24.9421,23,roll,1.0,1.0
000010,3,Car,17.5064,340,roll,1.0,0.9794
000010,4,Car,23.0954,48,roll,1.0,1.0
000010,5,Car,23.6431,246,roll,1.0,1.0
000010,6,Car,29.077,55,roll,1.0,0.9273
000010,7,Car,29.5982,33,roll,1.0,0.8485
000010,8,Car,43.0856,20,roll,1.0,0.75
000010,0,Car,6.8312,277,roll,2.0,0.7726
000010,1,Car,12.0396,1016,roll,2.0,0.9892
000010,2,Pedestrian,24.9421,23,roll,2.0,1.0
000010,3,Car,17.5064,340,roll,2.0,0.9353
000010,4,Car,23.0954,48,roll,2.0,0.8958
000010,5,Car,23.6431,246,roll,2.0,1.0
000010,6,Car,29.077,55,roll,2.0,0.9273
000010,7,Car,29.5982,33,roll,2.0,0.6061
000010,8,Car,43.0856,20,roll,2.0,0.75
000010,0,Car,6.8312,277,roll,3.0,0.5632
000010,1,Car,12.0396,1016,roll,3.0,0.9882
000010,2,Pedestrian,24.9421,23,roll,3.0,1.0
000010,3,Car,17.5064,340,roll,3.0,0.8794
000010,4,Car,23.0954,48,roll,3.0,0.7708
000010,5,Car,23.6431,246,roll,3.0,1.0
000010,6,Car,29.077,55,roll,3.0,0.9273
000010,7,Car,29.5982,33,roll,3.0,0.5758
000010,8,Car,43.0856,20,roll,3.0,0.75
000010,0,Car,6.8312,277,lateral_t,0.0,1.0
000010,1,Car,12.0396,1016,lateral_t,0.0,1.0
000010,2,Pedestrian,24.9421,23,lateral_t,0.0,1.0
000010,3,Car,17.5064,340,lateral_t,0.0,1.0
000010,4,Car,23.0954,48,lateral_t,0.0,1.0
000010,5,Car,23.6431,246,lateral_t,0.0,1.0
000010,6,Car,29.077,55,lateral_t,0.0,1.0
000010,7,Car,29.5982,33,lateral_t,0.0,1.0
000010,8,Car,43.0856,20,lateral_t,0.0,1.0
000010,0,Car,6.8312,277,lateral_t,0.02,1.0
000010,1,Car,12.0396,1016,lateral_t,0.02,1.0
000010,2,Pedestrian,24.9421,23,lateral_t,0.02,1.0
000010,3,Car,17.5064,340,lateral_t,0.02,1.0
000010,4,Car,23.0954,48,lateral_t,0.02,1.0
000010,5,Car,23.6431,246,lateral_t,0.02,1.0
000010,6,Car,29.077,55,lateral_t,0.02,1.0
000010,7,Car,29.5982,33,lateral_t,0.02,1.0
000010,8,Car,43.0856,20,lateral_t,0.02,1.0
000010,0,Car,6.8312,277,lateral_t,0.05,1.0
000010,1,Car,12.0396,1016,lateral_t,0.05,1.0
000010,2,Pedestrian,24.9421,23,lateral_t,0.05,1.0
000010,3,Car,17.5064,340,lateral_t,0.05,1.0
000010,4,Car,23.0954,48,lateral_t,0.05,1.0
000010,5,Car,23.6431,246,lateral_t,0.05,1.0
000010,6,Car,29.077,55,lateral_t,0.05,1.0
000010,7,Car,29.5982,33,lateral_t,0.05,1.0
000010,8,Car,43.0856,20,lateral_t,0.05,1.0
000010,0,Car,6.8312,277,lateral_t,0.1,0.9964
000010,1,Car,12.0396,1016,lateral_t,0.1,1.0
000010,2,Pedestrian,24.9421,23,lateral_t,0.1,1.0
000010,3,Car,17.5064,340,lateral_t,0.1,1.0
000010,4,Car,23.0954,48,lateral_t,0.1,1.0
000010,5,Car,23.6431,246,lateral_t,0.1,1.0
000010,6,Car,29.077,55,lateral_t,0.1,1.0
000010,7,Car,29.5982,33,lateral_t,0.1,1.0
000010,8,Car,43.0856,20,lateral_t,0.1,1.0
000011,0,Pedestrian,13.4112,150,yaw,0.0,1.0
000011,1,Pedestrian,14.4824,35,yaw,0.0,1.0
000011,2,Car,27.096,208,yaw,0.0,1.0
000011,3,Pedestrian,34.1509,40,yaw,0.0,1.0
000011,4,Car,6.5781,207,yaw,0.0,1.0
000011,5,Pedestrian,17.8081,81,yaw,0.0,1.0
000011,0,Pedestrian,13.4112,150,yaw,0.5,0.9333
000011,1,Pedestrian,14.4824,35,yaw,0.5,1.0
000011,2,Car,27.096,208,yaw,0.5,0.9567
000011,3,Pedestrian,34.1509,40,yaw,0.5,0.525
000011,4,Car,6.5781,207,yaw,0.5,0.8309
000011,5,Pedestrian,17.8081,81,yaw,0.5,0.8148
000011,0,Pedestrian,13.4112,150,yaw,1.0,0.82
000011,1,Pedestrian,14.4824,35,yaw,1.0,1.0
000011,2,Car,27.096,208,yaw,1.0,0.8558
000011,3,Pedestrian,34.1509,40,yaw,1.0,0.075
000011,4,Car,6.5781,207,yaw,1.0,0.6763
000011,5,Pedestrian,17.8081,81,yaw,1.0,0.3457
000011,0,Pedestrian,13.4112,150,yaw,2.0,0.2867
000011,1,Pedestrian,14.4824,35,yaw,2.0,0.6
000011,2,Car,27.096,208,yaw,2.0,0.6106
000011,3,Pedestrian,34.1509,40,yaw,2.0,0.0
000011,4,Car,6.5781,207,yaw,2.0,0.372
000011,5,Pedestrian,17.8081,81,yaw,2.0,0.0
000011,0,Pedestrian,13.4112,150,yaw,3.0,0.06
000011,1,Pedestrian,14.4824,35,yaw,3.0,0.1714
000011,2,Car,27.096,208,yaw,3.0,0.3654
000011,3,Pedestrian,34.1509,40,yaw,3.0,0.0
000011,4,Car,6.5781,207,yaw,3.0,0.1063
000011,5,Pedestrian,17.8081,81,yaw,3.0,0.0
000011,0,Pedestrian,13.4112,150,pitch,0.0,1.0
000011,1,Pedestrian,14.4824,35,pitch,0.0,1.0
000011,2,Car,27.096,208,pitch,0.0,1.0
000011,3,Pedestrian,34.1509,40,pitch,0.0,1.0
000011,4,Car,6.5781,207,pitch,0.0,1.0
000011,5,Pedestrian,17.8081,81,pitch,0.0,1.0
000011,0,Pedestrian,13.4112,150,pitch,0.5,0.96
000011,1,Pedestrian,14.4824,35,pitch,0.5,0.6571
000011,2,Car,27.096,208,pitch,0.5,0.7981
000011,3,Pedestrian,34.1509,40,pitch,0.5,0.9
000011,4,Car,6.5781,207,pitch,0.5,0.9372
000011,5,Pedestrian,17.8081,81,pitch,0.5,0.9136
000011,0,Pedestrian,13.4112,150,pitch,1.0,0.92
000011,1,Pedestrian,14.4824,35,pitch,1.0,0.5429
000011,2,Car,27.096,208,pitch,1.0,0.7019
000011,3,Pedestrian,34.1509,40,pitch,1.0,0.8
000011,4,Car,6.5781,207,pitch,1.0,0.8744
000011,5,Pedestrian,17.8081,81,pitch,1.0,0.8889
000011,0,Pedestrian,13.4112,150,pitch,2.0,0.76
000011,1,Pedestrian,14.4824,35,pitch,2.0,0.3143
000011,2,Car,27.096,208,pitch,2.0,0.375
000011,3,Pedestrian,34.1509,40,pitch,2.0,0.375
000011,4,Car,6.5781,207,pitch,2.0,0.7729
000011,5,Pedestrian,17.8081,81,pitch,2.0,0.6667
000011,0,Pedestrian,13.4112,150,pitch,3.0,0.6667
000011,1,Pedestrian,14.4824,35,pitch,3.0,0.2286
000011,2,Car,27.096,208,pitch,3.0,0.2163
000011,3,Pedestrian,34.1509,40,pitch,3.0,0.0
000011,4,Car,6.5781,207,pitch,3.0,0.6377
000011,5,Pedestrian,17.8081,81,pitch,3.0,0.4815
000011,0,Pedestrian,13.4112,150,roll,0.0,1.0
000011,1,Pedestrian,14.4824,35,roll,0.0,1.0
000011,2,Car,27.096,208,roll,0.0,1.0
000011,3,Pedestrian,34.1509,40,roll,0.0,1.0
000011,4,Car,6.5781,207,roll,0.0,1.0
000011,5,Pedestrian,17.8081,81,roll,0.0,1.0
000011,0,Pedestrian,13.4112,150,roll,0.5,1.0
000011,1,Pedestrian,14.4824,35,roll,0.5,1.0
000011,2,Car,27.096,208,roll,0.5,1.0
000011,3,Pedestrian,34.1509,40,roll,0.5,1.0
000011,4,Car,6.5781,207,roll,0.5,0.9952
000011,5,Pedestrian,17.8081,81,roll,0.5,0.9753
000011,0,Pedestrian,13.4112,150,roll,1.0,0.9667
000011,1,Pedestrian,14.4824,35,roll,1.0,0.9714
000011,2,Car,27.096,208,roll,1.0,1.0
000011,3,Pedestrian,34.1509,40,roll,1.0,1.0
000011,4,Car,6.5781,207,roll,1.0,0.9807
000011,5,Pedestrian,17.8081,81,roll,1.0,0.9753
000011,0,Pedestrian,13.4112,150,roll,2.0,0.92
000011,1,Pedestrian,14.4824,35,roll,2.0,0.6571
000011,2,Car,27.096,208,roll,2.0,0.9375
000011,3,Pedestrian,34.1509,40,roll,2.0,1.0
000011,4,Car,6.5781,207,roll,2.0,0.942
000011,5,Pedestrian,17.8081,81,roll,2.0,0.9136
000011,0,Pedestrian,13.4112,150,roll,3.0,0.8733
000011,1,Pedestrian,14.4824,35,roll,3.0,0.5429
000011,2,Car,27.096,208,roll,3.0,0.9183
000011,3,Pedestrian,34.1509,40,roll,3.0,1.0
000011,4,Car,6.5781,207,roll,3.0,0.9275
000011,5,Pedestrian,17.8081,81,roll,3.0,0.7778
000011,0,Pedestrian,13.4112,150,lateral_t,0.0,1.0
000011,1,Pedestrian,14.4824,35,lateral_t,0.0,1.0
000011,2,Car,27.096,208,lateral_t,0.0,1.0
000011,3,Pedestrian,34.1509,40,lateral_t,0.0,1.0
000011,4,Car,6.5781,207,lateral_t,0.0,1.0
000011,5,Pedestrian,17.8081,81,lateral_t,0.0,1.0
000011,0,Pedestrian,13.4112,150,lateral_t,0.02,1.0
000011,1,Pedestrian,14.4824,35,lateral_t,0.02,1.0
000011,2,Car,27.096,208,lateral_t,0.02,1.0
000011,3,Pedestrian,34.1509,40,lateral_t,0.02,0.95
000011,4,Car,6.5781,207,lateral_t,0.02,0.971
000011,5,Pedestrian,17.8081,81,lateral_t,0.02,1.0
000011,0,Pedestrian,13.4112,150,lateral_t,0.05,0.9867
000011,1,Pedestrian,14.4824,35,lateral_t,0.05,1.0
000011,2,Car,27.096,208,lateral_t,0.05,1.0
000011,3,Pedestrian,34.1509,40,lateral_t,0.05,0.95
000011,4,Car,6.5781,207,lateral_t,0.05,0.9082
000011,5,Pedestrian,17.8081,81,lateral_t,0.05,1.0
000011,0,Pedestrian,13.4112,150,lateral_t,0.1,0.96
000011,1,Pedestrian,14.4824,35,lateral_t,0.1,1.0
000011,2,Car,27.096,208,lateral_t,0.1,1.0
000011,3,Pedestrian,34.1509,40,lateral_t,0.1,0.875
000011,4,Car,6.5781,207,lateral_t,0.1,0.8116
000011,5,Pedestrian,17.8081,81,lateral_t,0.1,0.963
000012,0,Car,59.0827,13,yaw,0.0,1.0
000012,1,Van,66.3108,39,yaw,0.0,1.0
000012,0,Car,59.0827,13,yaw,0.5,1.0
000012,1,Van,66.3108,39,yaw,0.5,0.8974
000012,0,Car,59.0827,13,yaw,1.0,0.8462
000012,1,Van,66.3108,39,yaw,1.0,0.5897
000012,0,Car,59.0827,13,yaw,2.0,0.0769
000012,1,Van,66.3108,39,yaw,2.0,0.1026
000012,0,Car,59.0827,13,yaw,3.0,0.0
000012,1,Van,66.3108,39,yaw,3.0,0.0
000012,0,Car,59.0827,13,pitch,0.0,1.0
000012,1,Van,66.3108,39,pitch,0.0,1.0
000012,0,Car,59.0827,13,pitch,0.5,0.6923
000012,1,Van,66.3108,39,pitch,0.5,1.0
000012,0,Car,59.0827,13,pitch,1.0,0.0769
000012,1,Van,66.3108,39,pitch,1.0,0.4615
000012,0,Car,59.0827,13,pitch,2.0,0.0
000012,1,Van,66.3108,39,pitch,2.0,0.2821
000012,0,Car,59.0827,13,pitch,3.0,0.0
000012,1,Van,66.3108,39,pitch,3.0,0.0
000012,0,Car,59.0827,13,roll,0.0,1.0
000012,1,Van,66.3108,39,roll,0.0,1.0
000012,0,Car,59.0827,13,roll,0.5,1.0
000012,1,Van,66.3108,39,roll,0.5,1.0
000012,0,Car,59.0827,13,roll,1.0,1.0
000012,1,Van,66.3108,39,roll,1.0,1.0
000012,0,Car,59.0827,13,roll,2.0,1.0
000012,1,Van,66.3108,39,roll,2.0,0.7179
000012,0,Car,59.0827,13,roll,3.0,1.0
000012,1,Van,66.3108,39,roll,3.0,0.7179
000012,0,Car,59.0827,13,lateral_t,0.0,1.0
000012,1,Van,66.3108,39,lateral_t,0.0,1.0
000012,0,Car,59.0827,13,lateral_t,0.02,1.0
000012,1,Van,66.3108,39,lateral_t,0.02,1.0
000012,0,Car,59.0827,13,lateral_t,0.05,1.0
000012,1,Van,66.3108,39,lateral_t,0.05,1.0
000012,0,Car,59.0827,13,lateral_t,0.1,1.0
000012,1,Van,66.3108,39,lateral_t,0.1,1.0
000015,0,Car,4.9369,1637,yaw,0.0,1.0
000015,1,Pedestrian,8.9538,371,yaw,0.0,1.0
000015,2,Pedestrian,24.265,49,yaw,0.0,1.0
000015,3,Pedestrian,24.4438,59,yaw,0.0,1.0
000015,4,Pedestrian,23.3687,66,yaw,0.0,1.0
000015,0,Car,4.9369,1637,yaw,0.5,0.9847
000015,1,Pedestrian,8.9538,371,yaw,0.5,0.8814
000015,2,Pedestrian,24.265,49,yaw,0.5,0.3878
000015,3,Pedestrian,24.4438,59,yaw,0.5,0.5254
000015,4,Pedestrian,23.3687,66,yaw,0.5,0.7576
000015,0,Car,4.9369,1637,yaw,1.0,0.9707
000015,1,Pedestrian,8.9538,371,yaw,1.0,0.7116
000015,2,Pedestrian,24.265,49,yaw,1.0,0.0
000015,3,Pedestrian,24.4438,59,yaw,1.0,0.1017
000015,4,Pedestrian,23.3687,66,yaw,1.0,0.2576
000015,0,Car,4.9369,1637,yaw,2.0,0.945
000015,1,Pedestrian,8.9538,371,yaw,2.0,0.3235
000015,2,Pedestrian,24.265,49,yaw,2.0,0.0
000015,3,Pedestrian,24.4438,59,yaw,2.0,0.0
000015,4,Pedestrian,23.3687,66,yaw,2.0,0.0
000015,0,Car,4.9369,1637,yaw,3.0,0.9236
000015,1,Pedestrian,8.9538,371,yaw,3.0,0.0539
000015,2,Pedestrian,24.265,49,yaw,3.0,0.0
000015,3,Pedestrian,24.4438,59,yaw,3.0,0.0
000015,4,Pedestrian,23.3687,66,yaw,3.0,0.0
000015,0,Car,4.9369,1637,pitch,0.0,1.0
000015,1,Pedestrian,8.9538,371,pitch,0.0,1.0
000015,2,Pedestrian,24.265,49,pitch,0.0,1.0
000015,3,Pedestrian,24.4438,59,pitch,0.0,1.0
000015,4,Pedestrian,23.3687,66,pitch,0.0,1.0
000015,0,Car,4.9369,1637,pitch,0.5,0.9383
000015,1,Pedestrian,8.9538,371,pitch,0.5,1.0
000015,2,Pedestrian,24.265,49,pitch,0.5,0.9184
000015,3,Pedestrian,24.4438,59,pitch,0.5,0.9661
000015,4,Pedestrian,23.3687,66,pitch,0.5,0.9545
000015,0,Car,4.9369,1637,pitch,1.0,0.8723
000015,1,Pedestrian,8.9538,371,pitch,1.0,0.9677
000015,2,Pedestrian,24.265,49,pitch,1.0,0.7959
000015,3,Pedestrian,24.4438,59,pitch,1.0,0.7966
000015,4,Pedestrian,23.3687,66,pitch,1.0,0.8485
000015,0,Car,4.9369,1637,pitch,2.0,0.7483
000015,1,Pedestrian,8.9538,371,pitch,2.0,0.8922
000015,2,Pedestrian,24.265,49,pitch,2.0,0.5714
000015,3,Pedestrian,24.4438,59,pitch,2.0,0.5254
000015,4,Pedestrian,23.3687,66,pitch,2.0,0.5606
000015,0,Car,4.9369,1637,pitch,3.0,0.6255
000015,1,Pedestrian,8.9538,371,pitch,3.0,0.8437
000015,2,Pedestrian,24.265,49,pitch,3.0,0.2245
000015,3,Pedestrian,24.4438,59,pitch,3.0,0.2373
000015,4,Pedestrian,23.3687,66,pitch,3.0,0.1818
000015,0,Car,4.9369,1637,roll,0.0,1.0
000015,1,Pedestrian,8.9538,371,roll,0.0,1.0
000015,2,Pedestrian,24.265,49,roll,0.0,1.0
000015,3,Pedestrian,24.4438,59,roll,0.0,1.0
000015,4,Pedestrian,23.3687,66,roll,0.0,1.0
000015,0,Car,4.9369,1637,roll,0.5,0.9994
000015,1,Pedestrian,8.9538,371,roll,0.5,0.9946
000015,2,Pedestrian,24.265,49,roll,0.5,1.0
000015,3,Pedestrian,24.4438,59,roll,0.5,1.0
000015,4,Pedestrian,23.3687,66,roll,0.5,1.0
000015,0,Car,4.9369,1637,roll,1.0,0.9982
000015,1,Pedestrian,8.9538,371,roll,1.0,0.9919
000015,2,Pedestrian,24.265,49,roll,1.0,1.0
000015,3,Pedestrian,24.4438,59,roll,1.0,1.0
000015,4,Pedestrian,23.3687,66,roll,1.0,1.0
000015,0,Car,4.9369,1637,roll,2.0,0.9853
000015,1,Pedestrian,8.9538,371,roll,2.0,0.938
000015,2,Pedestrian,24.265,49,roll,2.0,0.9592
000015,3,Pedestrian,24.4438,59,roll,2.0,0.9492
000015,4,Pedestrian,23.3687,66,roll,2.0,1.0
000015,0,Car,4.9369,1637,roll,3.0,0.9444
000015,1,Pedestrian,8.9538,371,roll,3.0,0.8922
000015,2,Pedestrian,24.265,49,roll,3.0,0.8367
000015,3,Pedestrian,24.4438,59,roll,3.0,0.9322
000015,4,Pedestrian,23.3687,66,roll,3.0,1.0
000015,0,Car,4.9369,1637,lateral_t,0.0,1.0
000015,1,Pedestrian,8.9538,371,lateral_t,0.0,1.0
000015,2,Pedestrian,24.265,49,lateral_t,0.0,1.0
000015,3,Pedestrian,24.4438,59,lateral_t,0.0,1.0
000015,4,Pedestrian,23.3687,66,lateral_t,0.0,1.0
000015,0,Car,4.9369,1637,lateral_t,0.02,0.9963
000015,1,Pedestrian,8.9538,371,lateral_t,0.02,0.9892
000015,2,Pedestrian,24.265,49,lateral_t,0.02,0.9796
000015,3,Pedestrian,24.4438,59,lateral_t,0.02,0.9831
000015,4,Pedestrian,23.3687,66,lateral_t,0.02,1.0
000015,0,Car,4.9369,1637,lateral_t,0.05,0.9939
000015,1,Pedestrian,8.9538,371,lateral_t,0.05,0.9542
000015,2,Pedestrian,24.265,49,lateral_t,0.05,0.9184
000015,3,Pedestrian,24.4438,59,lateral_t,0.05,0.9153
000015,4,Pedestrian,23.3687,66,lateral_t,0.05,0.9545
000015,0,Car,4.9369,1637,lateral_t,0.1,0.9884
000015,1,Pedestrian,8.9538,371,lateral_t,0.1,0.8652
000015,2,Pedestrian,24.265,49,lateral_t,0.1,0.7755
000015,3,Pedestrian,24.4438,59,lateral_t,0.1,0.8136
000015,4,Pedestrian,23.3687,66,lateral_t,0.1,0.9242
000016,0,Car,44.6072,24,yaw,0.0,1.0
000016,1,Truck,28.0599,1973,yaw,0.0,1.0
000016,2,Car,33.4451,51,yaw,0.0,1.0
000016,3,Car,7.0761,1761,yaw,0.0,1.0
000016,4,Car,47.1775,10,yaw,0.0,1.0
000016,0,Car,44.6072,24,yaw,0.5,0.75
000016,1,Truck,28.0599,1973,yaw,0.5,0.9954
000016,2,Car,33.4451,51,yaw,0.5,0.902
000016,3,Car,7.0761,1761,yaw,0.5,0.9688
000016,4,Car,47.1775,10,yaw,0.5,0.8
000016,0,Car,44.6072,24,yaw,1.0,0.4583
000016,1,Truck,28.0599,1973,yaw,1.0,0.9792
000016,2,Car,33.4451,51,yaw,1.0,0.7451
000016,3,Car,7.0761,1761,yaw,1.0,0.9324
000016,4,Car,47.1775,10,yaw,1.0,0.7
000016,0,Car,44.6072,24,yaw,2.0,0.0
000016,1,Truck,28.0599,1973,yaw,2.0,0.9488
000016,2,Car,33.4451,51,yaw,2.0,0.4314
000016,3,Car,7.0761,1761,yaw,2.0,0.8609
000016,4,Car,47.1775,10,yaw,2.0,0.1
000016,0,Car,44.6072,24,yaw,3.0,0.0
000016,1,Truck,28.0599,1973,yaw,3.0,0.9133
000016,2,Car,33.4451,51,yaw,3.0,0.0196
000016,3,Car,7.0761,1761,yaw,3.0,0.7933
000016,4,Car,47.1775,10,yaw,3.0,0.0
000016,0,Car,44.6072,24,pitch,0.0,1.0
000016,1,Truck,28.0599,1973,pitch,0.0,1.0
000016,2,Car,33.4451,51,pitch,0.0,1.0
000016,3,Car,7.0761,1761,pitch,0.0,1.0
000016,4,Car,47.1775,10,pitch,0.0,1.0
000016,0,Car,44.6072,24,pitch,0.5,0.625
000016,1,Truck,28.0599,1973,pitch,0.5,1.0
000016,2,Car,33.4451,51,pitch,0.5,0.8235
000016,3,Car,7.0761,1761,pitch,0.5,0.9682
000016,4,Car,47.1775,10,pitch,0.5,0.4
000016,0,Car,44.6072,24,pitch,1.0,0.0
000016,1,Truck,28.0599,1973,pitch,1.0,1.0
000016,2,Car,33.4451,51,pitch,1.0,0.7451
000016,3,Car,7.0761,1761,pitch,1.0,0.933
000016,4,Car,47.1775,10,pitch,1.0,0.0
000016,0,Car,44.6072,24,pitch,2.0,0.0
000016,1,Truck,28.0599,1973,pitch,2.0,0.9792
000016,2,Car,33.4451,51,pitch,2.0,0.0784
000016,3,Car,7.0761,1761,pitch,2.0,0.8478
000016,4,Car,47.1775,10,pitch,2.0,0.0
000016,0,Car,44.6072,24,pitch,3.0,0.0
000016,1,Truck,28.0599,1973,pitch,3.0,0.8784
000016,2,Car,33.4451,51,pitch,3.0,0.0
000016,3,Car,7.0761,1761,pitch,3.0,0.7399
000016,4,Car,47.1775,10,pitch,3.0,0.0
000016,0,Car,44.6072,24,roll,0.0,1.0
000016,1,Truck,28.0599,1973,roll,0.0,1.0
000016,2,Car,33.4451,51,roll,0.0,1.0
000016,3,Car,7.0761,1761,roll,0.0,1.0
000016,4,Car,47.1775,10,roll,0.0,1.0
000016,0,Car,44.6072,24,roll,0.5,1.0
000016,1,Truck,28.0599,1973,roll,0.5,1.0
000016,2,Car,33.4451,51,roll,0.5,1.0
000016,3,Car,7.0761,1761,roll,0.5,0.9989
000016,4,Car,47.1775,10,roll,0.5,1.0
000016,0,Car,44.6072,24,roll,1.0,1.0
000016,1,Truck,28.0599,1973,roll,1.0,1.0
000016,2,Car,33.4451,51,roll,1.0,1.0
000016,3,Car,7.0761,1761,roll,1.0,0.9966
000016,4,Car,47.1775,10,roll,1.0,1.0
000016,0,Car,44.6072,24,roll,2.0,1.0
000016,1,Truck,28.0599,1973,roll,2.0,1.0
000016,2,Car,33.4451,51,roll,2.0,0.9412
000016,3,Car,7.0761,1761,roll,2.0,0.9852
000016,4,Car,47.1775,10,roll,2.0,1.0
000016,0,Car,44.6072,24,roll,3.0,0.875
000016,1,Truck,28.0599,1973,roll,3.0,1.0
000016,2,Car,33.4451,51,roll,3.0,0.8235
000016,3,Car,7.0761,1761,roll,3.0,0.9353
000016,4,Car,47.1775,10,roll,3.0,1.0
000016,0,Car,44.6072,24,lateral_t,0.0,1.0
000016,1,Truck,28.0599,1973,lateral_t,0.0,1.0
000016,2,Car,33.4451,51,lateral_t,0.0,1.0
000016,3,Car,7.0761,1761,lateral_t,0.0,1.0
000016,4,Car,47.1775,10,lateral_t,0.0,1.0
000016,0,Car,44.6072,24,lateral_t,0.02,1.0
000016,1,Truck,28.0599,1973,lateral_t,0.02,1.0
000016,2,Car,33.4451,51,lateral_t,0.02,1.0
000016,3,Car,7.0761,1761,lateral_t,0.02,0.9938
000016,4,Car,47.1775,10,lateral_t,0.02,1.0
000016,0,Car,44.6072,24,lateral_t,0.05,1.0
000016,1,Truck,28.0599,1973,lateral_t,0.05,1.0
000016,2,Car,33.4451,51,lateral_t,0.05,1.0
000016,3,Car,7.0761,1761,lateral_t,0.05,0.9801
000016,4,Car,47.1775,10,lateral_t,0.05,1.0
000016,0,Car,44.6072,24,lateral_t,0.1,1.0
000016,1,Truck,28.0599,1973,lateral_t,0.1,1.0
000016,2,Car,33.4451,51,lateral_t,0.1,1.0
000016,3,Car,7.0761,1761,lateral_t,0.1,0.9568
000016,4,Car,47.1775,10,lateral_t,0.1,1.0
000019,0,Truck,6.3135,4862,yaw,0.0,1.0
000019,1,Car,10.1264,1236,yaw,0.0,1.0
000019,2,Van,35.4228,106,yaw,0.0,1.0
000019,3,Car,59.7142,19,yaw,0.0,1.0
000019,0,Truck,6.3135,4862,yaw,0.5,0.98
000019,1,Car,10.1264,1236,yaw,0.5,1.0
000019,2,Van,35.4228,106,yaw,0.5,0.934
000019,3,Car,59.7142,19,yaw,0.5,0.6842
000019,0,Truck,6.3135,4862,yaw,1.0,0.9632
000019,1,Car,10.1264,1236,yaw,1.0,0.9919
000019,2,Van,35.4228,106,yaw,1.0,0.7358
000019,3,Car,59.7142,19,yaw,1.0,0.3158
000019,0,Truck,6.3135,4862,yaw,2.0,0.9229
000019,1,Car,10.1264,1236,yaw,2.0,0.9401
000019,2,Van,35.4228,106,yaw,2.0,0.3962
000019,3,Car,59.7142,19,yaw,2.0,0.0
000019,0,Truck,6.3135,4862,yaw,3.0,0.8809
000019,1,Car,10.1264,1236,yaw,3.0,0.8883
000019,2,Van,35.4228,106,yaw,3.0,0.1226
000019,3,Car,59.7142,19,yaw,3.0,0.0
000019,0,Truck,6.3135,4862,pitch,0.0,1.0
000019,1,Car,10.1264,1236,pitch,0.0,1.0
000019,2,Van,35.4228,106,pitch,0.0,1.0
000019,3,Car,59.7142,19,pitch,0.0,1.0
000019,0,Truck,6.3135,4862,pitch,0.5,0.9907
000019,1,Car,10.1264,1236,pitch,0.5,0.9895
000019,2,Van,35.4228,106,pitch,0.5,0.9151
000019,3,Car,59.7142,19,pitch,0.5,0.7895
000019,0,Truck,6.3135,4862,pitch,1.0,0.977
000019,1,Car,10.1264,1236,pitch,1.0,0.9555
000019,2,Van,35.4228,106,pitch,1.0,0.6132
000019,3,Car,59.7142,19,pitch,1.0,0.0526
000019,0,Truck,6.3135,4862,pitch,2.0,0.9404
000019,1,Car,10.1264,1236,pitch,2.0,0.8576
000019,2,Van,35.4228,106,pitch,2.0,0.1132
000019,3,Car,59.7142,19,pitch,2.0,0.0
000019,0,Truck,6.3135,4862,pitch,3.0,0.9033
000019,1,Car,10.1264,1236,pitch,3.0,0.7848
000019,2,Van,35.4228,106,pitch,3.0,0.0
000019,3,Car,59.7142,19,pitch,3.0,0.0
000019,0,Truck,6.3135,4862,roll,0.0,1.0
000019,1,Car,10.1264,1236,roll,0.0,1.0
000019,2,Van,35.4228,106,roll,0.0,1.0
000019,3,Car,59.7142,19,roll,0.0,1.0
000019,0,Truck,6.3135,4862,roll,0.5,0.9994
000019,1,Car,10.1264,1236,roll,0.5,0.9951
000019,2,Van,35.4228,106,roll,0.5,1.0
000019,3,Car,59.7142,19,roll,0.5,1.0
000019,0,Truck,6.3135,4862,roll,1.0,0.9979
000019,1,Car,10.1264,1236,roll,1.0,0.9951
000019,2,Van,35.4228,106,roll,1.0,1.0
000019,3,Car,59.7142,19,roll,1.0,1.0
000019,0,Truck,6.3135,4862,roll,2.0,0.9967
000019,1,Car,10.1264,1236,roll,2.0,0.9757
000019,2,Van,35.4228,106,roll,2.0,1.0
000019,3,Car,59.7142,19,roll,2.0,1.0
000019,0,Truck,6.3135,4862,roll,3.0,0.9953
000019,1,Car,10.1264,1236,roll,3.0,0.9506
000019,2,Van,35.4228,106,roll,3.0,0.9623
000019,3,Car,59.7142,19,roll,3.0,1.0
000019,0,Truck,6.3135,4862,lateral_t,0.0,1.0
000019,1,Car,10.1264,1236,lateral_t,0.0,1.0
000019,2,Van,35.4228,106,lateral_t,0.0,1.0
000019,3,Car,59.7142,19,lateral_t,0.0,1.0
000019,0,Truck,6.3135,4862,lateral_t,0.02,0.9938
000019,1,Car,10.1264,1236,lateral_t,0.02,1.0
000019,2,Van,35.4228,106,lateral_t,0.02,1.0
000019,3,Car,59.7142,19,lateral_t,0.02,1.0
000019,0,Truck,6.3135,4862,lateral_t,0.05,0.984
000019,1,Car,10.1264,1236,lateral_t,0.05,1.0
000019,2,Van,35.4228,106,lateral_t,0.05,1.0
000019,3,Car,59.7142,19,lateral_t,0.05,1.0
000019,0,Truck,6.3135,4862,lateral_t,0.1,0.9683
000019,1,Car,10.1264,1236,lateral_t,0.1,1.0
000019,2,Van,35.4228,106,lateral_t,0.1,1.0
000019,3,Car,59.7142,19,lateral_t,0.1,1.0
000021,0,Cyclist,4.174,176,yaw,0.0,1.0
000021,1,Car,13.6408,850,yaw,0.0,1.0
000021,2,Car,17.7795,238,yaw,0.0,1.0
000021,3,Van,23.927,964,yaw,0.0,1.0
000021,4,Car,26.4816,176,yaw,0.0,1.0
000021,5,Car,26.8789,113,yaw,0.0,1.0
000021,6,Car,32.6092,50,yaw,0.0,1.0
000021,7,Car,31.8004,28,yaw,0.0,1.0
000021,0,Cyclist,4.174,176,yaw,0.5,1.0
000021,1,Car,13.6408,850,yaw,0.5,1.0
000021,2,Car,17.7795,238,yaw,0.5,1.0
000021,3,Van,23.927,964,yaw,0.5,0.999
000021,4,Car,26.4816,176,yaw,0.5,0.9943
000021,5,Car,26.8789,113,yaw,0.5,1.0
000021,6,Car,32.6092,50,yaw,0.5,0.94
000021,7,Car,31.8004,28,yaw,0.5,1.0
000021,0,Cyclist,4.174,176,yaw,1.0,1.0
000021,1,Car,13.6408,850,yaw,1.0,0.9941
000021,2,Car,17.7795,238,yaw,1.0,1.0
000021,3,Van,23.927,964,yaw,1.0,0.9575
000021,4,Car,26.4816,176,yaw,1.0,0.9148
000021,5,Car,26.8789,113,yaw,1.0,1.0
000021,6,Car,32.6092,50,yaw,1.0,0.8
000021,7,Car,31.8004,28,yaw,1.0,1.0
000021,0,Cyclist,4.174,176,yaw,2.0,1.0
000021,1,Car,13.6408,850,yaw,2.0,0.9282
000021,2,Car,17.7795,238,yaw,2.0,0.9916
000021,3,Van,23.927,964,yaw,2.0,0.9378
000021,4,Car,26.4816,176,yaw,2.0,0.6932
000021,5,Car,26.8789,113,yaw,2.0,0.7788
000021,6,Car,32.6092,50,yaw,2.0,0.28
000021,7,Car,31.8004,28,yaw,2.0,1.0
000021,0,Cyclist,4.174,176,yaw,3.0,1.0
000021,1,Car,13.6408,850,yaw,3.0,0.8435
000021,2,Car,17.7795,238,yaw,3.0,0.9538
000021,3,Van,23.927,964,yaw,3.0,0.86
000021,4,Car,26.4816,176,yaw,3.0,0.4375
000021,5,Car,26.8789,113,yaw,3.0,0.4513
000021,6,Car,32.6092,50,yaw,3.0,0.14
000021,7,Car,31.8004,28,yaw,3.0,0.1071
000021,0,Cyclist,4.174,176,pitch,0.0,1.0
000021,1,Car,13.6408,850,pitch,0.0,1.0
000021,2,Car,17.7795,238,pitch,0.0,1.0
000021,3,Van,23.927,964,pitch,0.0,1.0
000021,4,Car,26.4816,176,pitch,0.0,1.0
000021,5,Car,26.8789,113,pitch,0.0,1.0
000021,6,Car,32.6092,50,pitch,0.0,1.0
000021,7,Car,31.8004,28,pitch,0.0,1.0
000021,0,Cyclist,4.174,176,pitch,0.5,0.875
000021,1,Car,13.6408,850,pitch,0.5,0.9518
000021,2,Car,17.7795,238,pitch,0.5,0.9118
000021,3,Van,23.927,964,pitch,0.5,0.9523
000021,4,Car,26.4816,176,pitch,0.5,0.8409
000021,5,Car,26.8789,113,pitch,0.5,0.9735
000021,6,Car,32.6092,50,pitch,0.5,0.84
000021,7,Car,31.8004,28,pitch,0.5,0.8571
000021,0,Cyclist,4.174,176,pitch,1.0,0.8011
000021,1,Car,13.6408,850,pitch,1.0,0.8706
000021,2,Car,17.7795,238,pitch,1.0,0.8697
000021,3,Van,23.927,964,pitch,1.0,0.89
000021,4,Car,26.4816,176,pitch,1.0,0.625
000021,5,Car,26.8789,113,pitch,1.0,0.6372
000021,6,Car,32.6092,50,pitch,1.0,0.72
000021,7,Car,31.8004,28,pitch,1.0,0.7857
000021,0,Cyclist,4.174,176,pitch,2.0,0.7102
000021,1,Car,13.6408,850,pitch,2.0,0.7329
000021,2,Car,17.7795,238,pitch,2.0,0.7227
000021,3,Van,23.927,964,pitch,2.0,0.7365
000021,4,Car,26.4816,176,pitch,2.0,0.233
000021,5,Car,26.8789,113,pitch,2.0,0.2035
000021,6,Car,32.6092,50,pitch,2.0,0.44
000021,7,Car,31.8004,28,pitch,2.0,0.4643
000021,0,Cyclist,4.174,176,pitch,3.0,0.6364
000021,1,Car,13.6408,850,pitch,3.0,0.5671
000021,2,Car,17.7795,238,pitch,3.0,0.5756
000021,3,Van,23.927,964,pitch,3.0,0.5239
000021,4,Car,26.4816,176,pitch,3.0,0.0795
000021,5,Car,26.8789,113,pitch,3.0,0.1062
000021,6,Car,32.6092,50,pitch,3.0,0.28
000021,7,Car,31.8004,28,pitch,3.0,0.0
000021,0,Cyclist,4.174,176,roll,0.0,1.0
000021,1,Car,13.6408,850,roll,0.0,1.0
000021,2,Car,17.7795,238,roll,0.0,1.0
000021,3,Van,23.927,964,roll,0.0,1.0
000021,4,Car,26.4816,176,roll,0.0,1.0
000021,5,Car,26.8789,113,roll,0.0,1.0
000021,6,Car,32.6092,50,roll,0.0,1.0
000021,7,Car,31.8004,28,roll,0.0,1.0
000021,0,Cyclist,4.174,176,roll,0.5,0.9375
000021,1,Car,13.6408,850,roll,0.5,1.0
000021,2,Car,17.7795,238,roll,0.5,1.0
000021,3,Van,23.927,964,roll,0.5,0.9917
000021,4,Car,26.4816,176,roll,0.5,1.0
000021,5,Car,26.8789,113,roll,0.5,1.0
000021,6,Car,32.6092,50,roll,0.5,1.0
000021,7,Car,31.8004,28,roll,0.5,1.0
000021,0,Cyclist,4.174,176,roll,1.0,0.8523
000021,1,Car,13.6408,850,roll,1.0,1.0
000021,2,Car,17.7795,238,roll,1.0,1.0
000021,3,Van,23.927,964,roll,1.0,0.9647
000021,4,Car,26.4816,176,roll,1.0,0.8807
000021,5,Car,26.8789,113,roll,1.0,1.0
000021,6,Car,32.6092,50,roll,1.0,1.0
000021,7,Car,31.8004,28,roll,1.0,1.0
000021,0,Cyclist,4.174,176,roll,2.0,0.7841
000021,1,Car,13.6408,850,roll,2.0,0.9718
000021,2,Car,17.7795,238,roll,2.0,0.9664
000021,3,Van,23.927,964,roll,2.0,0.8849
000021,4,Car,26.4816,176,roll,2.0,0.8807
000021,5,Car,26.8789,113,roll,2.0,1.0
000021,6,Car,32.6092,50,roll,2.0,1.0
000021,7,Car,31.8004,28,roll,2.0,1.0
000021,0,Cyclist,4.174,176,roll,3.0,0.767
000021,1,Car,13.6408,850,roll,3.0,0.9435
000021,2,Car,17.7795,238,roll,3.0,0.9076
000021,3,Van,23.927,964,roll,3.0,0.8071
000021,4,Car,26.4816,176,roll,3.0,0.7841
000021,5,Car,26.8789,113,roll,3.0,1.0
000021,6,Car,32.6092,50,roll,3.0,0.84
000021,7,Car,31.8004,28,roll,3.0,1.0
000021,0,Cyclist,4.174,176,lateral_t,0.0,1.0
000021,1,Car,13.6408,850,lateral_t,0.0,1.0
000021,2,Car,17.7795,238,lateral_t,0.0,1.0
000021,3,Van,23.927,964,lateral_t,0.0,1.0
000021,4,Car,26.4816,176,lateral_t,0.0,1.0
000021,5,Car,26.8789,113,lateral_t,0.0,1.0
000021,6,Car,32.6092,50,lateral_t,0.0,1.0
000021,7,Car,31.8004,28,lateral_t,0.0,1.0
000021,0,Cyclist,4.174,176,lateral_t,0.02,1.0
000021,1,Car,13.6408,850,lateral_t,0.02,1.0
000021,2,Car,17.7795,238,lateral_t,0.02,1.0
000021,3,Van,23.927,964,lateral_t,0.02,1.0
000021,4,Car,26.4816,176,lateral_t,0.02,1.0
000021,5,Car,26.8789,113,lateral_t,0.02,1.0
000021,6,Car,32.6092,50,lateral_t,0.02,1.0
000021,7,Car,31.8004,28,lateral_t,0.02,1.0
000021,0,Cyclist,4.174,176,lateral_t,0.05,1.0
000021,1,Car,13.6408,850,lateral_t,0.05,1.0
000021,2,Car,17.7795,238,lateral_t,0.05,1.0
000021,3,Van,23.927,964,lateral_t,0.05,1.0
000021,4,Car,26.4816,176,lateral_t,0.05,1.0
000021,5,Car,26.8789,113,lateral_t,0.05,1.0
000021,6,Car,32.6092,50,lateral_t,0.05,1.0
000021,7,Car,31.8004,28,lateral_t,0.05,1.0
000021,0,Cyclist,4.174,176,lateral_t,0.1,0.9943
000021,1,Car,13.6408,850,lateral_t,0.1,1.0
000021,2,Car,17.7795,238,lateral_t,0.1,1.0
000021,3,Van,23.927,964,lateral_t,0.1,1.0
000021,4,Car,26.4816,176,lateral_t,0.1,1.0
000021,5,Car,26.8789,113,lateral_t,0.1,1.0
000021,6,Car,32.6092,50,lateral_t,0.1,1.0
000021,7,Car,31.8004,28,lateral_t,0.1,1.0
000023,0,Truck,69.2913,74,yaw,0.0,1.0
000023,1,Car,57.5184,13,yaw,0.0,1.0
000023,2,Cyclist,44.9937,20,yaw,0.0,1.0
000023,0,Truck,69.2913,74,yaw,0.5,0.8243
000023,1,Car,57.5184,13,yaw,0.5,0.8462
000023,2,Cyclist,44.9937,20,yaw,0.5,0.6
000023,0,Truck,69.2913,74,yaw,1.0,0.5811
000023,1,Car,57.5184,13,yaw,1.0,0.5385
000023,2,Cyclist,44.9937,20,yaw,1.0,0.0
000023,0,Truck,69.2913,74,yaw,2.0,0.1351
000023,1,Car,57.5184,13,yaw,2.0,0.0
000023,2,Cyclist,44.9937,20,yaw,2.0,0.0
000023,0,Truck,69.2913,74,yaw,3.0,0.0
000023,1,Car,57.5184,13,yaw,3.0,0.0
000023,2,Cyclist,44.9937,20,yaw,3.0,0.0
000023,0,Truck,69.2913,74,pitch,0.0,1.0
000023,1,Car,57.5184,13,pitch,0.0,1.0
000023,2,Cyclist,44.9937,20,pitch,0.0,1.0
000023,0,Truck,69.2913,74,pitch,0.5,0.9324
000023,1,Car,57.5184,13,pitch,0.5,1.0
000023,2,Cyclist,44.9937,20,pitch,0.5,0.8
000023,0,Truck,69.2913,74,pitch,1.0,0.6622
000023,1,Car,57.5184,13,pitch,1.0,0.0
000023,2,Cyclist,44.9937,20,pitch,1.0,0.6
000023,0,Truck,69.2913,74,pitch,2.0,0.1351
000023,1,Car,57.5184,13,pitch,2.0,0.0
000023,2,Cyclist,44.9937,20,pitch,2.0,0.1
000023,0,Truck,69.2913,74,pitch,3.0,0.0
000023,1,Car,57.5184,13,pitch,3.0,0.0
000023,2,Cyclist,44.9937,20,pitch,3.0,0.0
000023,0,Truck,69.2913,74,roll,0.0,1.0
000023,1,Car,57.5184,13,roll,0.0,1.0
000023,2,Cyclist,44.9937,20,roll,0.0,1.0
000023,0,Truck,69.2913,74,roll,0.5,1.0
000023,1,Car,57.5184,13,roll,0.5,1.0
000023,2,Cyclist,44.9937,20,roll,0.5,1.0
000023,0,Truck,69.2913,74,roll,1.0,1.0
000023,1,Car,57.5184,13,roll,1.0,1.0
000023,2,Cyclist,44.9937,20,roll,1.0,0.9
000023,0,Truck,69.2913,74,roll,2.0,1.0
000023,1,Car,57.5184,13,roll,2.0,1.0
000023,2,Cyclist,44.9937,20,roll,2.0,0.9
000023,0,Truck,69.2913,74,roll,3.0,1.0
000023,1,Car,57.5184,13,roll,3.0,1.0
000023,2,Cyclist,44.9937,20,roll,3.0,0.9
000023,0,Truck,69.2913,74,lateral_t,0.0,1.0
000023,1,Car,57.5184,13,lateral_t,0.0,1.0
000023,2,Cyclist,44.9937,20,lateral_t,0.0,1.0
000023,0,Truck,69.2913,74,lateral_t,0.02,1.0
000023,1,Car,57.5184,13,lateral_t,0.02,1.0
000023,2,Cyclist,44.9937,20,lateral_t,0.02,1.0
000023,0,Truck,69.2913,74,lateral_t,0.05,1.0
000023,1,Car,57.5184,13,lateral_t,0.05,1.0
000023,2,Cyclist,44.9937,20,lateral_t,0.05,1.0
000023,0,Truck,69.2913,74,lateral_t,0.1,0.973
000023,1,Car,57.5184,13,lateral_t,0.1,1.0
000023,2,Cyclist,44.9937,20,lateral_t,0.1,1.0
000025,0,Car,3.9705,138,yaw,0.0,1.0
000025,1,Car,10.6518,1121,yaw,0.0,1.0
000025,2,Car,30.1901,61,yaw,0.0,1.0
000025,3,Car,17.855,316,yaw,0.0,1.0
000025,4,Cyclist,44.7159,21,yaw,0.0,1.0
000025,5,Car,22.6976,27,yaw,0.0,1.0
000025,0,Car,3.9705,138,yaw,0.5,1.0
000025,1,Car,10.6518,1121,yaw,0.5,0.9973
000025,2,Car,30.1901,61,yaw,0.5,0.918
000025,3,Car,17.855,316,yaw,0.5,0.9873
000025,4,Cyclist,44.7159,21,yaw,0.5,0.2381
000025,5,Car,22.6976,27,yaw,0.5,0.5185
000025,0,Car,3.9705,138,yaw,1.0,1.0
000025,1,Car,10.6518,1121,yaw,1.0,0.9768
000025,2,Car,30.1901,61,yaw,1.0,0.7869
000025,3,Car,17.855,316,yaw,1.0,0.9272
000025,4,Cyclist,44.7159,21,yaw,1.0,0.0
000025,5,Car,22.6976,27,yaw,1.0,0.0741
000025,0,Car,3.9705,138,yaw,2.0,0.942
000025,1,Car,10.6518,1121,yaw,2.0,0.9054
000025,2,Car,30.1901,61,yaw,2.0,0.4098
000025,3,Car,17.855,316,yaw,2.0,0.7373
000025,4,Cyclist,44.7159,21,yaw,2.0,0.0
000025,5,Car,22.6976,27,yaw,2.0,0.0
000025,0,Car,3.9705,138,yaw,3.0,0.942
000025,1,Car,10.6518,1121,yaw,3.0,0.8287
000025,2,Car,30.1901,61,yaw,3.0,0.1311
000025,3,Car,17.855,316,yaw,3.0,0.5222
000025,4,Cyclist,44.7159,21,yaw,3.0,0.0
000025,5,Car,22.6976,27,yaw,3.0,0.0
000025,0,Car,3.9705,138,pitch,0.0,1.0
000025,1,Car,10.6518,1121,pitch,0.0,1.0
000025,2,Car,30.1901,61,pitch,0.0,1.0
000025,3,Car,17.855,316,pitch,0.0,1.0
000025,4,Cyclist,44.7159,21,pitch,0.0,1.0
000025,5,Car,22.6976,27,pitch,0.0,1.0
000025,0,Car,3.9705,138,pitch,0.5,0.8696
000025,1,Car,10.6518,1121,pitch,0.5,0.9938
000025,2,Car,30.1901,61,pitch,0.5,0.8852
000025,3,Car,17.855,316,pitch,0.5,0.962
000025,4,Cyclist,44.7159,21,pitch,0.5,0.8095
000025,5,Car,22.6976,27,pitch,0.5,1.0
000025,0,Car,3.9705,138,pitch,1.0,0.7536
000025,1,Car,10.6518,1121,pitch,1.0,0.9875
000025,2,Car,30.1901,61,pitch,1.0,0.541
000025,3,Car,17.855,316,pitch,1.0,0.8766
000025,4,Cyclist,44.7159,21,pitch,1.0,0.619
000025,5,Car,22.6976,27,pitch,1.0,0.8519
000025,0,Car,3.9705,138,pitch,2.0,0.7174
000025,1,Car,10.6518,1121,pitch,2.0,0.9527
000025,2,Car,30.1901,61,pitch,2.0,0.0656
000025,3,Car,17.855,316,pitch,2.0,0.5791
000025,4,Cyclist,44.7159,21,pitch,2.0,0.1429
000025,5,Car,22.6976,27,pitch,2.0,0.5185
000025,0,Car,3.9705,138,pitch,3.0,0.5652
000025,1,Car,10.6518,1121,pitch,3.0,0.8073
000025,2,Car,30.1901,61,pitch,3.0,0.0
000025,3,Car,17.855,316,pitch,3.0,0.3259
000025,4,Cyclist,44.7159,21,pitch,3.0,0.0
000025,5,Car,22.6976,27,pitch,3.0,0.3333
000025,0,Car,3.9705,138,roll,0.0,1.0
000025,1,Car,10.6518,1121,roll,0.0,1.0
000025,2,Car,30.1901,61,roll,0.0,1.0
000025,3,Car,17.855,316,roll,0.0,1.0
000025,4,Cyclist,44.7159,21,roll,0.0,1.0
000025,5,Car,22.6976,27,roll,0.0,1.0
000025,0,Car,3.9705,138,roll,0.5,0.942
000025,1,Car,10.6518,1121,roll,0.5,1.0
000025,2,Car,30.1901,61,roll,0.5,1.0
000025,3,Car,17.855,316,roll,0.5,1.0
000025,4,Cyclist,44.7159,21,roll,0.5,1.0
000025,5,Car,22.6976,27,roll,0.5,1.0
000025,0,Car,3.9705,138,roll,1.0,0.8696
000025,1,Car,10.6518,1121,roll,1.0,1.0
000025,2,Car,30.1901,61,roll,1.0,1.0
000025,3,Car,17.855,316,roll,1.0,1.0
000025,4,Cyclist,44.7159,21,roll,1.0,1.0
000025,5,Car,22.6976,27,roll,1.0,1.0
000025,0,Car,3.9705,138,roll,2.0,0.7826
000025,1,Car,10.6518,1121,roll,2.0,0.9991
000025,2,Car,30.1901,61,roll,2.0,1.0
000025,3,Car,17.855,316,roll,2.0,0.981
000025,4,Cyclist,44.7159,21,roll,2.0,1.0
000025,5,Car,22.6976,27,roll,2.0,1.0
000025,0,Car,3.9705,138,roll,3.0,0.7609
000025,1,Car,10.6518,1121,roll,3.0,0.9795
000025,2,Car,30.1901,61,roll,3.0,1.0
000025,3,Car,17.855,316,roll,3.0,0.9494
000025,4,Cyclist,44.7159,21,roll,3.0,0.8095
000025,5,Car,22.6976,27,roll,3.0,1.0
000025,0,Car,3.9705,138,lateral_t,0.0,1.0
000025,1,Car,10.6518,1121,lateral_t,0.0,1.0
000025,2,Car,30.1901,61,lateral_t,0.0,1.0
000025,3,Car,17.855,316,lateral_t,0.0,1.0
000025,4,Cyclist,44.7159,21,lateral_t,0.0,1.0
000025,5,Car,22.6976,27,lateral_t,0.0,1.0
000025,0,Car,3.9705,138,lateral_t,0.02,1.0
000025,1,Car,10.6518,1121,lateral_t,0.02,1.0
000025,2,Car,30.1901,61,lateral_t,0.02,1.0
000025,3,Car,17.855,316,lateral_t,0.02,1.0
000025,4,Cyclist,44.7159,21,lateral_t,0.02,1.0
000025,5,Car,22.6976,27,lateral_t,0.02,1.0
000025,0,Car,3.9705,138,lateral_t,0.05,0.9928
000025,1,Car,10.6518,1121,lateral_t,0.05,0.9991
000025,2,Car,30.1901,61,lateral_t,0.05,1.0
000025,3,Car,17.855,316,lateral_t,0.05,1.0
000025,4,Cyclist,44.7159,21,lateral_t,0.05,1.0
000025,5,Car,22.6976,27,lateral_t,0.05,1.0
000025,0,Car,3.9705,138,lateral_t,0.1,0.9928
000025,1,Car,10.6518,1121,lateral_t,0.1,0.9964
000025,2,Car,30.1901,61,lateral_t,0.1,1.0
000025,3,Car,17.855,316,lateral_t,0.1,1.0
000025,4,Cyclist,44.7159,21,lateral_t,0.1,0.9524
000025,5,Car,22.6976,27,lateral_t,0.1,0.963
000031,0,Car,12.6076,1028,yaw,0.0,1.0
000031,1,Car,9.0379,1028,yaw,0.0,1.0
000031,2,Car,13.4562,517,yaw,0.0,1.0
000031,3,Truck,22.5403,328,yaw,0.0,1.0
000031,4,Car,26.5487,141,yaw,0.0,1.0
000031,5,Van,51.9295,32,yaw,0.0,1.0
000031,0,Car,12.6076,1028,yaw,0.5,0.9971
000031,1,Car,9.0379,1028,yaw,0.5,1.0
000031,2,Car,13.4562,517,yaw,0.5,0.9826
000031,3,Truck,22.5403,328,yaw,0.5,0.9756
000031,4,Car,26.5487,141,yaw,0.5,0.9291
000031,5,Van,51.9295,32,yaw,0.5,0.875
000031,0,Car,12.6076,1028,yaw,1.0,0.9728
000031,1,Car,9.0379,1028,yaw,1.0,0.9893
000031,2,Car,13.4562,517,yaw,1.0,0.9497
000031,3,Truck,22.5403,328,yaw,1.0,0.9268
000031,4,Car,26.5487,141,yaw,1.0,0.7801
000031,5,Van,51.9295,32,yaw,1.0,0.5938
000031,0,Car,12.6076,1028,yaw,2.0,0.8784
000031,1,Car,9.0379,1028,yaw,2.0,0.9504
000031,2,Car,13.4562,517,yaw,2.0,0.8356
000031,3,Truck,22.5403,328,yaw,2.0,0.7774
000031,4,Car,26.5487,141,yaw,2.0,0.4823
000031,5,Van,51.9295,32,yaw,2.0,0.0938
000031,0,Car,12.6076,1028,yaw,3.0,0.7792
000031,1,Car,9.0379,1028,yaw,3.0,0.927
000031,2,Car,13.4562,517,yaw,3.0,0.6789
000031,3,Truck,22.5403,328,yaw,3.0,0.6372
000031,4,Car,26.5487,141,yaw,3.0,0.2057
000031,5,Van,51.9295,32,yaw,3.0,0.0
000031,0,Car,12.6076,1028,pitch,0.0,1.0
000031,1,Car,9.0379,1028,pitch,0.0,1.0
000031,2,Car,13.4562,517,pitch,0.0,1.0
000031,3,Truck,22.5403,328,pitch,0.0,1.0
000031,4,Car,26.5487,141,pitch,0.0,1.0
000031,5,Van,51.9295,32,pitch,0.0,1.0
000031,0,Car,12.6076,1028,pitch,0.5,0.9971
000031,1,Car,9.0379,1028,pitch,0.5,0.9844
000031,2,Car,13.4562,517,pitch,0.5,0.9884
000031,3,Truck,22.5403,328,pitch,0.5,0.9787
000031,4,Car,26.5487,141,pitch,0.5,0.8794
000031,5,Van,51.9295,32,pitch,0.5,0.7188
000031,0,Car,12.6076,1028,pitch,1.0,0.9747
000031,1,Car,9.0379,1028,pitch,1.0,0.9582
000031,2,Car,13.4562,517,pitch,1.0,0.9729
000031,3,Truck,22.5403,328,pitch,1.0,0.9268
000031,4,Car,26.5487,141,pitch,1.0,0.7163
000031,5,Van,51.9295,32,pitch,1.0,0.4375
000031,0,Car,12.6076,1028,pitch,2.0,0.8658
000031,1,Car,9.0379,1028,pitch,2.0,0.9018
000031,2,Car,13.4562,517,pitch,2.0,0.8511
000031,3,Truck,22.5403,328,pitch,2.0,0.8872
000031,4,Car,26.5487,141,pitch,2.0,0.2837
000031,5,Van,51.9295,32,pitch,2.0,0.0312
000031,0,Car,12.6076,1028,pitch,3.0,0.7208
000031,1,Car,9.0379,1028,pitch,3.0,0.7831
000031,2,Car,13.4562,517,pitch,3.0,0.6596
000031,3,Truck,22.5403,328,pitch,3.0,0.8567
000031,4,Car,26.5487,141,pitch,3.0,0.0496
000031,5,Van,51.9295,32,pitch,3.0,0.0
000031,0,Car,12.6076,1028,roll,0.0,1.0
000031,1,Car,9.0379,1028,roll,0.0,1.0
000031,2,Car,13.4562,517,roll,0.0,1.0
000031,3,Truck,22.5403,328,roll,0.0,1.0
000031,4,Car,26.5487,141,roll,0.0,1.0
000031,5,Van,51.9295,32,roll,0.0,1.0
000031,0,Car,12.6076,1028,roll,0.5,1.0
000031,1,Car,9.0379,1028,roll,0.5,0.9951
000031,2,Car,13.4562,517,roll,0.5,1.0
000031,3,Truck,22.5403,328,roll,0.5,1.0
000031,4,Car,26.5487,141,roll,0.5,1.0
000031,5,Van,51.9295,32,roll,0.5,1.0
000031,0,Car,12.6076,1028,roll,1.0,1.0
000031,1,Car,9.0379,1028,roll,1.0,0.9844
000031,2,Car,13.4562,517,roll,1.0,1.0
000031,3,Truck,22.5403,328,roll,1.0,1.0
000031,4,Car,26.5487,141,roll,1.0,1.0
000031,5,Van,51.9295,32,roll,1.0,1.0
000031,0,Car,12.6076,1028,roll,2.0,0.9718
000031,1,Car,9.0379,1028,roll,2.0,0.9718
000031,2,Car,13.4562,517,roll,2.0,0.9981
000031,3,Truck,22.5403,328,roll,2.0,1.0
000031,4,Car,26.5487,141,roll,2.0,1.0
000031,5,Van,51.9295,32,roll,2.0,1.0
000031,0,Car,12.6076,1028,roll,3.0,0.9377
000031,1,Car,9.0379,1028,roll,3.0,0.9465
000031,2,Car,13.4562,517,roll,3.0,0.9845
000031,3,Truck,22.5403,328,roll,3.0,1.0
000031,4,Car,26.5487,141,roll,3.0,0.9929
000031,5,Van,51.9295,32,roll,3.0,1.0
000031,0,Car,12.6076,1028,lateral_t,0.0,1.0
000031,1,Car,9.0379,1028,lateral_t,0.0,1.0
000031,2,Car,13.4562,517,lateral_t,0.0,1.0
000031,3,Truck,22.5403,328,lateral_t,0.0,1.0
000031,4,Car,26.5487,141,lateral_t,0.0,1.0
000031,5,Van,51.9295,32,lateral_t,0.0,1.0
000031,0,Car,12.6076,1028,lateral_t,0.02,1.0
000031,1,Car,9.0379,1028,lateral_t,0.02,1.0
000031,2,Car,13.4562,517,lateral_t,0.02,1.0
000031,3,Truck,22.5403,328,lateral_t,0.02,1.0
000031,4,Car,26.5487,141,lateral_t,0.02,1.0
000031,5,Van,51.9295,32,lateral_t,0.02,1.0
000031,0,Car,12.6076,1028,lateral_t,0.05,1.0
000031,1,Car,9.0379,1028,lateral_t,0.05,1.0
000031,2,Car,13.4562,517,lateral_t,0.05,0.9981
000031,3,Truck,22.5403,328,lateral_t,0.05,1.0
000031,4,Car,26.5487,141,lateral_t,0.05,1.0
000031,5,Van,51.9295,32,lateral_t,0.05,1.0
000031,0,Car,12.6076,1028,lateral_t,0.1,0.9971
000031,1,Car,9.0379,1028,lateral_t,0.1,1.0
000031,2,Car,13.4562,517,lateral_t,0.1,0.9884
000031,3,Truck,22.5403,328,lateral_t,0.1,0.997
000031,4,Car,26.5487,141,lateral_t,0.1,0.9929
000031,5,Van,51.9295,32,lateral_t,0.1,1.0
000032,0,Car,9.653,1435,yaw,0.0,1.0
000032,1,Car,9.1383,1350,yaw,0.0,1.0
000032,2,Van,14.8072,803,yaw,0.0,1.0
000032,3,Car,13.8088,410,yaw,0.0,1.0
000032,4,Car,20.1738,71,yaw,0.0,1.0
000032,5,Van,25.4107,584,yaw,0.0,1.0
000032,6,Car,25.8442,75,yaw,0.0,1.0
000032,7,Van,44.7219,64,yaw,0.0,1.0
000032,8,Van,41.091,154,yaw,0.0,1.0
000032,9,Car,45.1465,39,yaw,0.0,1.0
000032,0,Car,9.653,1435,yaw,0.5,1.0
000032,1,Car,9.1383,1350,yaw,0.5,1.0
000032,2,Van,14.8072,803,yaw,0.5,1.0
000032,3,Car,13.8088,410,yaw,0.5,1.0
000032,4,Car,20.1738,71,yaw,0.5,0.831
000032,5,Van,25.4107,584,yaw,0.5,1.0
000032,6,Car,25.8442,75,yaw,0.5,1.0
000032,7,Van,44.7219,64,yaw,0.5,0.9062
000032,8,Van,41.091,154,yaw,0.5,0.9935
000032,9,Car,45.1465,39,yaw,0.5,0.8718
000032,0,Car,9.653,1435,yaw,1.0,1.0
000032,1,Car,9.1383,1350,yaw,1.0,0.9867
000032,2,Van,14.8072,803,yaw,1.0,1.0
000032,3,Car,13.8088,410,yaw,1.0,0.9634
000032,4,Car,20.1738,71,yaw,1.0,0.6479
000032,5,Van,25.4107,584,yaw,1.0,1.0
000032,6,Car,25.8442,75,yaw,1.0,0.9733
000032,7,Van,44.7219,64,yaw,1.0,0.6719
000032,8,Van,41.091,154,yaw,1.0,0.8766
000032,9,Car,45.1465,39,yaw,1.0,0.641
000032,0,Car,9.653,1435,yaw,2.0,0.9895
000032,1,Car,9.1383,1350,yaw,2.0,0.9422
000032,2,Van,14.8072,803,yaw,2.0,0.9813
000032,3,Car,13.8088,410,yaw,2.0,0.8585
000032,4,Car,20.1738,71,yaw,2.0,0.2535
000032,5,Van,25.4107,584,yaw,2.0,1.0
000032,6,Car,25.8442,75,yaw,2.0,0.7467
000032,7,Van,44.7219,64,yaw,2.0,0.2344
000032,8,Van,41.091,154,yaw,2.0,0.7143
000032,9,Car,45.1465,39,yaw,2.0,0.2051
000032,0,Car,9.653,1435,yaw,3.0,0.9491
000032,1,Car,9.1383,1350,yaw,3.0,0.8978
000032,2,Van,14.8072,803,yaw,3.0,0.939
000032,3,Car,13.8088,410,yaw,3.0,0.7268
000032,4,Car,20.1738,71,yaw,3.0,0.1127
000032,5,Van,25.4107,584,yaw,3.0,1.0
000032,6,Car,25.8442,75,yaw,3.0,0.56
000032,7,Van,44.7219,64,yaw,3.0,0.0
000032,8,Van,41.091,154,yaw,3.0,0.526
000032,9,Car,45.1465,39,yaw,3.0,0.0
000032,0,Car,9.653,1435,pitch,0.0,1.0
000032,1,Car,9.1383,1350,pitch,0.0,1.0
000032,2,Van,14.8072,803,pitch,0.0,1.0
000032,3,Car,13.8088,410,pitch,0.0,1.0
000032,4,Car,20.1738,71,pitch,0.0,1.0
000032,5,Van,25.4107,584,pitch,0.0,1.0
000032,6,Car,25.8442,75,pitch,0.0,1.0
000032,7,Van,44.7219,64,pitch,0.0,1.0
000032,8,Van,41.091,154,pitch,0.0,1.0
000032,9,Car,45.1465,39,pitch,0.0,1.0
000032,0,Car,9.653,1435,pitch,0.5,1.0
000032,1,Car,9.1383,1350,pitch,0.5,0.9926
000032,2,Van,14.8072,803,pitch,0.5,1.0
000032,3,Car,13.8088,410,pitch,0.5,1.0
000032,4,Car,20.1738,71,pitch,0.5,0.9155
000032,5,Van,25.4107,584,pitch,0.5,1.0
000032,6,Car,25.8442,75,pitch,0.5,1.0
000032,7,Van,44.7219,64,pitch,0.5,0.7969
000032,8,Van,41.091,154,pitch,0.5,1.0
000032,9,Car,45.1465,39,pitch,0.5,0.6667
000032,0,Car,9.653,1435,pitch,1.0,1.0
000032,1,Car,9.1383,1350,pitch,1.0,0.9711
000032,2,Van,14.8072,803,pitch,1.0,0.9938
000032,3,Car,13.8088,410,pitch,1.0,0.9878
000032,4,Car,20.1738,71,pitch,1.0,0.9155
000032,5,Van,25.4107,584,pitch,1.0,1.0
000032,6,Car,25.8442,75,pitch,1.0,1.0
000032,7,Van,44.7219,64,pitch,1.0,0.5156
000032,8,Van,41.091,154,pitch,1.0,1.0
000032,9,Car,45.1465,39,pitch,1.0,0.0256
000032,0,Car,9.653,1435,pitch,2.0,0.9686
000032,1,Car,9.1383,1350,pitch,2.0,0.9185
000032,2,Van,14.8072,803,pitch,2.0,0.944
000032,3,Car,13.8088,410,pitch,2.0,0.8463
000032,4,Car,20.1738,71,pitch,2.0,0.7887
000032,5,Van,25.4107,584,pitch,2.0,0.9949
000032,6,Car,25.8442,75,pitch,2.0,0.9733
000032,7,Van,44.7219,64,pitch,2.0,0.1719
000032,8,Van,41.091,154,pitch,2.0,0.8636
000032,9,Car,45.1465,39,pitch,2.0,0.0
000032,0,Car,9.653,1435,pitch,3.0,0.8906
000032,1,Car,9.1383,1350,pitch,3.0,0.8259
000032,2,Van,14.8072,803,pitch,3.0,0.8431
000032,3,Car,13.8088,410,pitch,3.0,0.678
000032,4,Car,20.1738,71,pitch,3.0,0.4225
000032,5,Van,25.4107,584,pitch,3.0,0.8836
000032,6,Car,25.8442,75,pitch,3.0,0.52
000032,7,Van,44.7219,64,pitch,3.0,0.0
000032,8,Van,41.091,154,pitch,3.0,0.3377
000032,9,Car,45.1465,39,pitch,3.0,0.0
000032,0,Car,9.653,1435,roll,0.0,1.0
000032,1,Car,9.1383,1350,roll,0.0,1.0
000032,2,Van,14.8072,803,roll,0.0,1.0
000032,3,Car,13.8088,410,roll,0.0,1.0
000032,4,Car,20.1738,71,roll,0.0,1.0
000032,5,Van,25.4107,584,roll,0.0,1.0
000032,6,Car,25.8442,75,roll,0.0,1.0
000032,7,Van,44.7219,64,roll,0.0,1.0
000032,8,Van,41.091,154,roll,0.0,1.0
000032,9,Car,45.1465,39,roll,0.0,1.0
000032,0,Car,9.653,1435,roll,0.5,1.0
000032,1,Car,9.1383,1350,roll,0.5,0.997
000032,2,Van,14.8072,803,roll,0.5,1.0
000032,3,Car,13.8088,410,roll,0.5,1.0
000032,4,Car,20.1738,71,roll,0.5,1.0
000032,5,Van,25.4107,584,roll,0.5,1.0
000032,6,Car,25.8442,75,roll,0.5,1.0
000032,7,Van,44.7219,64,roll,0.5,1.0
000032,8,Van,41.091,154,roll,0.5,1.0
000032,9,Car,45.1465,39,roll,0.5,1.0
000032,0,Car,9.653,1435,roll,1.0,0.9861
000032,1,Car,9.1383,1350,roll,1.0,0.9933
000032,2,Van,14.8072,803,roll,1.0,1.0
000032,3,Car,13.8088,410,roll,1.0,1.0
000032,4,Car,20.1738,71,roll,1.0,1.0
000032,5,Van,25.4107,584,roll,1.0,0.9606
000032,6,Car,25.8442,75,roll,1.0,1.0
000032,7,Van,44.7219,64,roll,1.0,1.0
000032,8,Van,41.091,154,roll,1.0,1.0
000032,9,Car,45.1465,39,roll,1.0,1.0
000032,0,Car,9.653,1435,roll,2.0,0.961
000032,1,Car,9.1383,1350,roll,2.0,0.9711
000032,2,Van,14.8072,803,roll,2.0,0.9763
000032,3,Car,13.8088,410,roll,2.0,1.0
000032,4,Car,20.1738,71,roll,2.0,0.9577
000032,5,Van,25.4107,584,roll,2.0,0.8408
000032,6,Car,25.8442,75,roll,2.0,1.0
000032,7,Van,44.7219,64,roll,2.0,1.0
000032,8,Van,41.091,154,roll,2.0,1.0
000032,9,Car,45.1465,39,roll,2.0,1.0
000032,0,Car,9.653,1435,roll,3.0,0.9324
000032,1,Car,9.1383,1350,roll,3.0,0.9615
000032,2,Van,14.8072,803,roll,3.0,0.9377
000032,3,Car,13.8088,410,roll,3.0,1.0
000032,4,Car,20.1738,71,roll,3.0,0.9577
000032,5,Van,25.4107,584,roll,3.0,0.7226
000032,6,Car,25.8442,75,roll,3.0,1.0
000032,7,Van,44.7219,64,roll,3.0,1.0
000032,8,Van,41.091,154,roll,3.0,1.0
000032,9,Car,45.1465,39,roll,3.0,1.0
000032,0,Car,9.653,1435,lateral_t,0.0,1.0
000032,1,Car,9.1383,1350,lateral_t,0.0,1.0
000032,2,Van,14.8072,803,lateral_t,0.0,1.0
000032,3,Car,13.8088,410,lateral_t,0.0,1.0
000032,4,Car,20.1738,71,lateral_t,0.0,1.0
000032,5,Van,25.4107,584,lateral_t,0.0,1.0
000032,6,Car,25.8442,75,lateral_t,0.0,1.0
000032,7,Van,44.7219,64,lateral_t,0.0,1.0
000032,8,Van,41.091,154,lateral_t,0.0,1.0
000032,9,Car,45.1465,39,lateral_t,0.0,1.0
000032,0,Car,9.653,1435,lateral_t,0.02,1.0
000032,1,Car,9.1383,1350,lateral_t,0.02,1.0
000032,2,Van,14.8072,803,lateral_t,0.02,1.0
000032,3,Car,13.8088,410,lateral_t,0.02,1.0
000032,4,Car,20.1738,71,lateral_t,0.02,1.0
000032,5,Van,25.4107,584,lateral_t,0.02,1.0
000032,6,Car,25.8442,75,lateral_t,0.02,1.0
000032,7,Van,44.7219,64,lateral_t,0.02,1.0
000032,8,Van,41.091,154,lateral_t,0.02,1.0
000032,9,Car,45.1465,39,lateral_t,0.02,1.0
000032,0,Car,9.653,1435,lateral_t,0.05,1.0
000032,1,Car,9.1383,1350,lateral_t,0.05,1.0
000032,2,Van,14.8072,803,lateral_t,0.05,1.0
000032,3,Car,13.8088,410,lateral_t,0.05,1.0
000032,4,Car,20.1738,71,lateral_t,0.05,1.0
000032,5,Van,25.4107,584,lateral_t,0.05,1.0
000032,6,Car,25.8442,75,lateral_t,0.05,1.0
000032,7,Van,44.7219,64,lateral_t,0.05,1.0
000032,8,Van,41.091,154,lateral_t,0.05,1.0
000032,9,Car,45.1465,39,lateral_t,0.05,1.0
000032,0,Car,9.653,1435,lateral_t,0.1,1.0
000032,1,Car,9.1383,1350,lateral_t,0.1,1.0
000032,2,Van,14.8072,803,lateral_t,0.1,1.0
000032,3,Car,13.8088,410,lateral_t,0.1,1.0
000032,4,Car,20.1738,71,lateral_t,0.1,0.9577
000032,5,Van,25.4107,584,lateral_t,0.1,1.0
000032,6,Car,25.8442,75,lateral_t,0.1,1.0
000032,7,Van,44.7219,64,lateral_t,0.1,1.0
000032,8,Van,41.091,154,lateral_t,0.1,1.0
000032,9,Car,45.1465,39,lateral_t,0.1,1.0
000043,0,Pedestrian,12.7512,150,yaw,0.0,1.0
000043,1,Pedestrian,12.6319,182,yaw,0.0,1.0
000043,2,Pedestrian,20.6499,85,yaw,0.0,1.0
000043,3,Pedestrian,20.5697,86,yaw,0.0,1.0
000043,0,Pedestrian,12.7512,150,yaw,0.5,0.8867
000043,1,Pedestrian,12.6319,182,yaw,0.5,0.8187
000043,2,Pedestrian,20.6499,85,yaw,0.5,0.7882
000043,3,Pedestrian,20.5697,86,yaw,0.5,0.7558
000043,0,Pedestrian,12.7512,150,yaw,1.0,0.56
000043,1,Pedestrian,12.6319,182,yaw,1.0,0.5714
000043,2,Pedestrian,20.6499,85,yaw,1.0,0.4235
000043,3,Pedestrian,20.5697,86,yaw,1.0,0.2674
000043,0,Pedestrian,12.7512,150,yaw,2.0,0.04
000043,1,Pedestrian,12.6319,182,yaw,2.0,0.033
000043,2,Pedestrian,20.6499,85,yaw,2.0,0.0
000043,3,Pedestrian,20.5697,86,yaw,2.0,0.0
000043,0,Pedestrian,12.7512,150,yaw,3.0,0.0
000043,1,Pedestrian,12.6319,182,yaw,3.0,0.0
000043,2,Pedestrian,20.6499,85,yaw,3.0,0.0
000043,3,Pedestrian,20.5697,86,yaw,3.0,0.0
000043,0,Pedestrian,12.7512,150,pitch,0.0,1.0
000043,1,Pedestrian,12.6319,182,pitch,0.0,1.0
000043,2,Pedestrian,20.6499,85,pitch,0.0,1.0
000043,3,Pedestrian,20.5697,86,pitch,0.0,1.0
000043,0,Pedestrian,12.7512,150,pitch,0.5,0.96
000043,1,Pedestrian,12.6319,182,pitch,0.5,0.9451
000043,2,Pedestrian,20.6499,85,pitch,0.5,0.9412
000043,3,Pedestrian,20.5697,86,pitch,0.5,0.9535
000043,0,Pedestrian,12.7512,150,pitch,1.0,0.9133
000043,1,Pedestrian,12.6319,182,pitch,1.0,0.9176
000043,2,Pedestrian,20.6499,85,pitch,1.0,0.9059
000043,3,Pedestrian,20.5697,86,pitch,1.0,0.907
000043,0,Pedestrian,12.7512,150,pitch,2.0,0.84
000043,1,Pedestrian,12.6319,182,pitch,2.0,0.8132
000043,2,Pedestrian,20.6499,85,pitch,2.0,0.7294
000043,3,Pedestrian,20.5697,86,pitch,2.0,0.7326
000043,0,Pedestrian,12.7512,150,pitch,3.0,0.7133
000043,1,Pedestrian,12.6319,182,pitch,3.0,0.6923
000043,2,Pedestrian,20.6499,85,pitch,3.0,0.4353
000043,3,Pedestrian,20.5697,86,pitch,3.0,0.4767
000043,0,Pedestrian,12.7512,150,roll,0.0,1.0
000043,1,Pedestrian,12.6319,182,roll,0.0,1.0
000043,2,Pedestrian,20.6499,85,roll,0.0,1.0
000043,3,Pedestrian,20.5697,86,roll,0.0,1.0
000043,0,Pedestrian,12.7512,150,roll,0.5,0.9933
000043,1,Pedestrian,12.6319,182,roll,0.5,1.0
000043,2,Pedestrian,20.6499,85,roll,0.5,1.0
000043,3,Pedestrian,20.5697,86,roll,0.5,1.0
000043,0,Pedestrian,12.7512,150,roll,1.0,0.98
000043,1,Pedestrian,12.6319,182,roll,1.0,0.978
000043,2,Pedestrian,20.6499,85,roll,1.0,0.9882
000043,3,Pedestrian,20.5697,86,roll,1.0,1.0
000043,0,Pedestrian,12.7512,150,roll,2.0,0.9733
000043,1,Pedestrian,12.6319,182,roll,2.0,0.967
000043,2,Pedestrian,20.6499,85,roll,2.0,0.9882
000043,3,Pedestrian,20.5697,86,roll,2.0,1.0
000043,0,Pedestrian,12.7512,150,roll,3.0,0.9467
000043,1,Pedestrian,12.6319,182,roll,3.0,0.9286
000043,2,Pedestrian,20.6499,85,roll,3.0,0.9882
000043,3,Pedestrian,20.5697,86,roll,3.0,0.9535
000043,0,Pedestrian,12.7512,150,lateral_t,0.0,1.0
000043,1,Pedestrian,12.6319,182,lateral_t,0.0,1.0
000043,2,Pedestrian,20.6499,85,lateral_t,0.0,1.0
000043,3,Pedestrian,20.5697,86,lateral_t,0.0,1.0
000043,0,Pedestrian,12.7512,150,lateral_t,0.02,0.9867
000043,1,Pedestrian,12.6319,182,lateral_t,0.02,0.9835
000043,2,Pedestrian,20.6499,85,lateral_t,0.02,1.0
000043,3,Pedestrian,20.5697,86,lateral_t,0.02,1.0
000043,0,Pedestrian,12.7512,150,lateral_t,0.05,0.9667
000043,1,Pedestrian,12.6319,182,lateral_t,0.05,0.9451
000043,2,Pedestrian,20.6499,85,lateral_t,0.05,1.0
000043,3,Pedestrian,20.5697,86,lateral_t,0.05,0.9651
000043,0,Pedestrian,12.7512,150,lateral_t,0.1,0.9267
000043,1,Pedestrian,12.6319,182,lateral_t,0.1,0.8626
000043,2,Pedestrian,20.6499,85,lateral_t,0.1,0.9529
000043,3,Pedestrian,20.5697,86,lateral_t,0.1,0.907
000048,0,Pedestrian,16.8904,108,yaw,0.0,1.0
000048,1,Pedestrian,17.1652,125,yaw,0.0,1.0
000048,2,Pedestrian,16.5758,96,yaw,0.0,1.0
000048,3,Cyclist,30.4229,41,yaw,0.0,1.0
000048,0,Pedestrian,16.8904,108,yaw,0.5,0.7685
000048,1,Pedestrian,17.1652,125,yaw,0.5,0.84
000048,2,Pedestrian,16.5758,96,yaw,0.5,0.6354
000048,3,Cyclist,30.4229,41,yaw,0.5,0.9024
000048,0,Pedestrian,16.8904,108,yaw,1.0,0.3333
000048,1,Pedestrian,17.1652,125,yaw,1.0,0.552
000048,2,Pedestrian,16.5758,96,yaw,1.0,0.1979
000048,3,Cyclist,30.4229,41,yaw,1.0,0.439
000048,0,Pedestrian,16.8904,108,yaw,2.0,0.0185
000048,1,Pedestrian,17.1652,125,yaw,2.0,0.0
000048,2,Pedestrian,16.5758,96,yaw,2.0,0.0
000048,3,Cyclist,30.4229,41,yaw,2.0,0.0
000048,0,Pedestrian,16.8904,108,yaw,3.0,0.0
000048,1,Pedestrian,17.1652,125,yaw,3.0,0.0
000048,2,Pedestrian,16.5758,96,yaw,3.0,0.0
000048,3,Cyclist,30.4229,41,yaw,3.0,0.0
000048,0,Pedestrian,16.8904,108,pitch,0.0,1.0
000048,1,Pedestrian,17.1652,125,pitch,0.0,1.0
000048,2,Pedestrian,16.5758,96,pitch,0.0,1.0
000048,3,Cyclist,30.4229,41,pitch,0.0,1.0
000048,0,Pedestrian,16.8904,108,pitch,0.5,0.9722
000048,1,Pedestrian,17.1652,125,pitch,0.5,0.952
000048,2,Pedestrian,16.5758,96,pitch,0.5,0.9688
000048,3,Cyclist,30.4229,41,pitch,0.5,0.8293
000048,0,Pedestrian,16.8904,108,pitch,1.0,0.8981
000048,1,Pedestrian,17.1652,125,pitch,1.0,0.92
000048,2,Pedestrian,16.5758,96,pitch,1.0,0.8958
000048,3,Cyclist,30.4229,41,pitch,1.0,0.6829
000048,0,Pedestrian,16.8904,108,pitch,2.0,0.75
000048,1,Pedestrian,17.1652,125,pitch,2.0,0.768
000048,2,Pedestrian,16.5758,96,pitch,2.0,0.8125
000048,3,Cyclist,30.4229,41,pitch,2.0,0.3415
000048,0,Pedestrian,16.8904,108,pitch,3.0,0.5093
000048,1,Pedestrian,17.1652,125,pitch,3.0,0.52
000048,2,Pedestrian,16.5758,96,pitch,3.0,0.6042
000048,3,Cyclist,30.4229,41,pitch,3.0,0.0
000048,0,Pedestrian,16.8904,108,roll,0.0,1.0
000048,1,Pedestrian,17.1652,125,roll,0.0,1.0
000048,2,Pedestrian,16.5758,96,roll,0.0,1.0
000048,3,Cyclist,30.4229,41,roll,0.0,1.0
000048,0,Pedestrian,16.8904,108,roll,0.5,0.9907
000048,1,Pedestrian,17.1652,125,roll,0.5,1.0
000048,2,Pedestrian,16.5758,96,roll,0.5,1.0
000048,3,Cyclist,30.4229,41,roll,0.5,1.0
000048,0,Pedestrian,16.8904,108,roll,1.0,0.9907
000048,1,Pedestrian,17.1652,125,roll,1.0,0.992
000048,2,Pedestrian,16.5758,96,roll,1.0,1.0
000048,3,Cyclist,30.4229,41,roll,1.0,1.0
000048,0,Pedestrian,16.8904,108,roll,2.0,0.9815
000048,1,Pedestrian,17.1652,125,roll,2.0,0.976
000048,2,Pedestrian,16.5758,96,roll,2.0,1.0
000048,3,Cyclist,30.4229,41,roll,2.0,1.0
000048,0,Pedestrian,16.8904,108,roll,3.0,0.963
000048,1,Pedestrian,17.1652,125,roll,3.0,0.952
000048,2,Pedestrian,16.5758,96,roll,3.0,0.9896
000048,3,Cyclist,30.4229,41,roll,3.0,1.0
000048,0,Pedestrian,16.8904,108,lateral_t,0.0,1.0
000048,1,Pedestrian,17.1652,125,lateral_t,0.0,1.0
000048,2,Pedestrian,16.5758,96,lateral_t,0.0,1.0
000048,3,Cyclist,30.4229,41,lateral_t,0.0,1.0
000048,0,Pedestrian,16.8904,108,lateral_t,0.02,0.9537
000048,1,Pedestrian,17.1652,125,lateral_t,0.02,0.984
000048,2,Pedestrian,16.5758,96,lateral_t,0.02,1.0
000048,3,Cyclist,30.4229,41,lateral_t,0.02,1.0
000048,0,Pedestrian,16.8904,108,lateral_t,0.05,0.9444
000048,1,Pedestrian,17.1652,125,lateral_t,0.05,0.952
000048,2,Pedestrian,16.5758,96,lateral_t,0.05,0.9479
000048,3,Cyclist,30.4229,41,lateral_t,0.05,1.0
000048,0,Pedestrian,16.8904,108,lateral_t,0.1,0.8611
000048,1,Pedestrian,17.1652,125,lateral_t,0.1,0.896
000048,2,Pedestrian,16.5758,96,lateral_t,0.1,0.8333
000048,3,Cyclist,30.4229,41,lateral_t,0.1,1.0
000049,0,Car,21.5547,206,yaw,0.0,1.0
000049,1,Car,14.3483,930,yaw,0.0,1.0
000049,2,Car,22.2893,140,yaw,0.0,1.0
000049,3,Car,25.2013,79,yaw,0.0,1.0
000049,4,Car,32.7812,18,yaw,0.0,1.0
000049,5,Van,45.861,79,yaw,0.0,1.0
000049,6,Pedestrian,5.4642,690,yaw,0.0,1.0
000049,7,Car,10.3984,571,yaw,0.0,1.0
000049,8,Car,15.4442,432,yaw,0.0,1.0
000049,9,Car,20.6443,198,yaw,0.0,1.0
000049,10,Pedestrian,32.79,37,yaw,0.0,1.0
000049,11,Car,33.2462,74,yaw,0.0,1.0
000049,12,Car,14.4224,437,yaw,0.0,1.0
000049,13,Car,19.022,312,yaw,0.0,1.0
000049,14,Van,35.5706,261,yaw,0.0,1.0
000049,15,Car,22.3814,49,yaw,0.0,1.0
000049,0,Car,21.5547,206,yaw,0.5,0.9223
000049,1,Car,14.3483,930,yaw,0.5,0.9946
000049,2,Car,22.2893,140,yaw,0.5,1.0
000049,3,Car,25.2013,79,yaw,0.5,1.0
000049,4,Car,32.7812,18,yaw,0.5,1.0
000049,5,Van,45.861,79,yaw,0.5,1.0
000049,6,Pedestrian,5.4642,690,yaw,0.5,0.9681
000049,7,Car,10.3984,571,yaw,0.5,0.9895
000049,8,Car,15.4442,432,yaw,0.5,0.9861
000049,9,Car,20.6443,198,yaw,0.5,0.9848
000049,10,Pedestrian,32.79,37,yaw,0.5,0.6486
000049,11,Car,33.2462,74,yaw,0.5,1.0
000049,12,Car,14.4224,437,yaw,0.5,1.0
000049,13,Car,19.022,312,yaw,0.5,1.0
000049,14,Van,35.5706,261,yaw,0.5,0.9579
000049,15,Car,22.3814,49,yaw,0.5,0.9796
000049,0,Car,21.5547,206,yaw,1.0,0.801
000049,1,Car,14.3483,930,yaw,1.0,0.971
000049,2,Car,22.2893,140,yaw,1.0,1.0
000049,3,Car,25.2013,79,yaw,1.0,1.0
000049,4,Car,32.7812,18,yaw,1.0,1.0
000049,5,Van,45.861,79,yaw,1.0,0.962
000049,6,Pedestrian,5.4642,690,yaw,1.0,0.9333
000049,7,Car,10.3984,571,yaw,1.0,0.951
000049,8,Car,15.4442,432,yaw,1.0,0.9398
000049,9,Car,20.6443,198,yaw,1.0,0.8434
000049,10,Pedestrian,32.79,37,yaw,1.0,0.0541
000049,11,Car,33.2462,74,yaw,1.0,1.0
000049,12,Car,14.4224,437,yaw,1.0,1.0
000049,13,Car,19.022,312,yaw,1.0,1.0
000049,14,Van,35.5706,261,yaw,1.0,0.9004
000049,15,Car,22.3814,49,yaw,1.0,0.8367
000049,0,Car,21.5547,206,yaw,2.0,0.5631
000049,1,Car,14.3483,930,yaw,2.0,0.9183
000049,2,Car,22.2893,140,yaw,2.0,1.0
000049,3,Car,25.2013,79,yaw,2.0,1.0
000049,4,Car,32.7812,18,yaw,2.0,1.0
000049,5,Van,45.861,79,yaw,2.0,0.8734
000049,6,Pedestrian,5.4642,690,yaw,2.0,0.8029
000049,7,Car,10.3984,571,yaw,2.0,0.8669
000049,8,Car,15.4442,432,yaw,2.0,0.831
000049,9,Car,20.6443,198,yaw,2.0,0.5152
000049,10,Pedestrian,32.79,37,yaw,2.0,0.0
000049,11,Car,33.2462,74,yaw,2.0,0.9865
000049,12,Car,14.4224,437,yaw,2.0,0.9634
000049,13,Car,19.022,312,yaw,2.0,0.9968
000049,14,Van,35.5706,261,yaw,2.0,0.7625
000049,15,Car,22.3814,49,yaw,2.0,0.4082
000049,0,Car,21.5547,206,yaw,3.0,0.3592
000049,1,Car,14.3483,930,yaw,3.0,0.857
000049,2,Car,22.2893,140,yaw,3.0,0.9857
000049,3,Car,25.2013,79,yaw,3.0,0.962
000049,4,Car,32.7812,18,yaw,3.0,1.0
000049,5,Van,45.861,79,yaw,3.0,0.7468
000049,6,Pedestrian,5.4642,690,yaw,3.0,0.6217
000049,7,Car,10.3984,571,yaw,3.0,0.8126
000049,8,Car,15.4442,432,yaw,3.0,0.6898
000049,9,Car,20.6443,198,yaw,3.0,0.1919
000049,10,Pedestrian,32.79,37,yaw,3.0,0.0
000049,11,Car,33.2462,74,yaw,3.0,0.8378
000049,12,Car,14.4224,437,yaw,3.0,0.881
000049,13,Car,19.022,312,yaw,3.0,0.9359
000049,14,Van,35.5706,261,yaw,3.0,0.6437
000049,15,Car,22.3814,49,yaw,3.0,0.2041
000049,0,Car,21.5547,206,pitch,0.0,1.0
000049,1,Car,14.3483,930,pitch,0.0,1.0
000049,2,Car,22.2893,140,pitch,0.0,1.0
000049,3,Car,25.2013,79,pitch,0.0,1.0
000049,4,Car,32.7812,18,pitch,0.0,1.0
000049,5,Van,45.861,79,pitch,0.0,1.0
000049,6,Pedestrian,5.4642,690,pitch,0.0,1.0
000049,7,Car,10.3984,571,pitch,0.0,1.0
000049,8,Car,15.4442,432,pitch,0.0,1.0
000049,9,Car,20.6443,198,pitch,0.0,1.0
000049,10,Pedestrian,32.79,37,pitch,0.0,1.0
000049,11,Car,33.2462,74,pitch,0.0,1.0
000049,12,Car,14.4224,437,pitch,0.0,1.0
000049,13,Car,19.022,312,pitch,0.0,1.0
000049,14,Van,35.5706,261,pitch,0.0,1.0
000049,15,Car,22.3814,49,pitch,0.0,1.0
000049,0,Car,21.5547,206,pitch,0.5,0.9029
000049,1,Car,14.3483,930,pitch,0.5,0.9914
000049,2,Car,22.2893,140,pitch,0.5,0.9929
000049,3,Car,25.2013,79,pitch,0.5,0.9241
000049,4,Car,32.7812,18,pitch,0.5,1.0
000049,5,Van,45.861,79,pitch,0.5,0.9494
000049,6,Pedestrian,5.4642,690,pitch,0.5,0.9783
000049,7,Car,10.3984,571,pitch,0.5,1.0
000049,8,Car,15.4442,432,pitch,0.5,0.9977
000049,9,Car,20.6443,198,pitch,0.5,0.9242
000049,10,Pedestrian,32.79,37,pitch,0.5,0.8378
000049,11,Car,33.2462,74,pitch,0.5,0.9865
000049,12,Car,14.4224,437,pitch,0.5,1.0
000049,13,Car,19.022,312,pitch,0.5,0.9872
000049,14,Van,35.5706,261,pitch,0.5,1.0
000049,15,Car,22.3814,49,pitch,0.5,1.0
000049,0,Car,21.5547,206,pitch,1.0,0.7136
000049,1,Car,14.3483,930,pitch,1.0,0.9161
000049,2,Car,22.2893,140,pitch,1.0,0.9643
000049,3,Car,25.2013,79,pitch,1.0,0.7215
000049,4,Car,32.7812,18,pitch,1.0,0.6667
000049,5,Van,45.861,79,pitch,1.0,0.7468
000049,6,Pedestrian,5.4642,690,pitch,1.0,0.9522
000049,7,Car,10.3984,571,pitch,1.0,0.986
000049,8,Car,15.4442,432,pitch,1.0,0.9606
000049,9,Car,20.6443,198,pitch,1.0,0.8586
000049,10,Pedestrian,32.79,37,pitch,1.0,0.7838
000049,11,Car,33.2462,74,pitch,1.0,0.9189
000049,12,Car,14.4224,437,pitch,1.0,0.9931
000049,13,Car,19.022,312,pitch,1.0,0.9327
000049,14,Van,35.5706,261,pitch,1.0,1.0
000049,15,Car,22.3814,49,pitch,1.0,1.0
000049,0,Car,21.5547,206,pitch,2.0,0.3204
000049,1,Car,14.3483,930,pitch,2.0,0.757
000049,2,Car,22.2893,140,pitch,2.0,0.7286
000049,3,Car,25.2013,79,pitch,2.0,0.4937
000049,4,Car,32.7812,18,pitch,2.0,0.0
000049,5,Van,45.861,79,pitch,2.0,0.481
000049,6,Pedestrian,5.4642,690,pitch,2.0,0.8986
000049,7,Car,10.3984,571,pitch,2.0,0.9229
000049,8,Car,15.4442,432,pitch,2.0,0.8241
000049,9,Car,20.6443,198,pitch,2.0,0.6768
000049,10,Pedestrian,32.79,37,pitch,2.0,0.3514
000049,11,Car,33.2462,74,pitch,2.0,0.2432
000049,12,Car,14.4224,437,pitch,2.0,0.9588
000049,13,Car,19.022,312,pitch,2.0,0.6827
000049,14,Van,35.5706,261,pitch,2.0,1.0
000049,15,Car,22.3814,49,pitch,2.0,0.9184
000049,0,Car,21.5547,206,pitch,3.0,0.1165
000049,1,Car,14.3483,930,pitch,3.0,0.5376
000049,2,Car,22.2893,140,pitch,3.0,0.35
000049,3,Car,25.2013,79,pitch,3.0,0.2405
000049,4,Car,32.7812,18,pitch,3.0,0.0
000049,5,Van,45.861,79,pitch,3.0,0.0
000049,6,Pedestrian,5.4642,690,pitch,3.0,0.8377
000049,7,Car,10.3984,571,pitch,3.0,0.8424
000049,8,Car,15.4442,432,pitch,3.0,0.6481
000049,9,Car,20.6443,198,pitch,3.0,0.4343
000049,10,Pedestrian,32.79,37,pitch,3.0,0.0
000049,11,Car,33.2462,74,pitch,3.0,0.1892
000049,12,Car,14.4224,437,pitch,3.0,0.8261
000049,13,Car,19.022,312,pitch,3.0,0.4679
000049,14,Van,35.5706,261,pitch,3.0,0.7356
000049,15,Car,22.3814,49,pitch,3.0,0.8163
000049,0,Car,21.5547,206,roll,0.0,1.0
000049,1,Car,14.3483,930,roll,0.0,1.0
000049,2,Car,22.2893,140,roll,0.0,1.0
000049,3,Car,25.2013,79,roll,0.0,1.0
000049,4,Car,32.7812,18,roll,0.0,1.0
000049,5,Van,45.861,79,roll,0.0,1.0
000049,6,Pedestrian,5.4642,690,roll,0.0,1.0
000049,7,Car,10.3984,571,roll,0.0,1.0
000049,8,Car,15.4442,432,roll,0.0,1.0
000049,9,Car,20.6443,198,roll,0.0,1.0
000049,10,Pedestrian,32.79,37,roll,0.0,1.0
000049,11,Car,33.2462,74,roll,0.0,1.0
000049,12,Car,14.4224,437,roll,0.0,1.0
000049,13,Car,19.022,312,roll,0.0,1.0
000049,14,Van,35.5706,261,roll,0.0,1.0
000049,15,Car,22.3814,49,roll,0.0,1.0
000049,0,Car,21.5547,206,roll,0.5,1.0
000049,1,Car,14.3483,930,roll,0.5,1.0
000049,2,Car,22.2893,140,roll,0.5,1.0
000049,3,Car,25.2013,79,roll,0.5,0.8101
000049,4,Car,32.7812,18,roll,0.5,1.0
000049,5,Van,45.861,79,roll,0.5,1.0
000049,6,Pedestrian,5.4642,690,roll,0.5,0.9797
000049,7,Car,10.3984,571,roll,0.5,1.0
000049,8,Car,15.4442,432,roll,0.5,1.0
000049,9,Car,20.6443,198,roll,0.5,0.9899
000049,10,Pedestrian,32.79,37,roll,0.5,1.0
000049,11,Car,33.2462,74,roll,0.5,1.0
000049,12,Car,14.4224,437,roll,0.5,0.9428
000049,13,Car,19.022,312,roll,0.5,1.0
000049,14,Van,35.5706,261,roll,0.5,1.0
000049,15,Car,22.3814,49,roll,0.5,1.0
000049,0,Car,21.5547,206,roll,1.0,1.0
000049,1,Car,14.3483,930,roll,1.0,0.9946
000049,2,Car,22.2893,140,roll,1.0,0.8571
000049,3,Car,25.2013,79,roll,1.0,0.7975
000049,4,Car,32.7812,18,roll,1.0,1.0
000049,5,Van,45.861,79,roll,1.0,1.0
000049,6,Pedestrian,5.4642,690,roll,1.0,0.9681
000049,7,Car,10.3984,571,roll,1.0,1.0
000049,8,Car,15.4442,432,roll,1.0,1.0
000049,9,Car,20.6443,198,roll,1.0,0.9697
000049,10,Pedestrian,32.79,37,roll,1.0,0.973
000049,11,Car,33.2462,74,roll,1.0,1.0
000049,12,Car,14.4224,437,roll,1.0,0.9108
000049,13,Car,19.022,312,roll,1.0,0.9038
000049,14,Van,35.5706,261,roll,1.0,1.0
000049,15,Car,22.3814,49,roll,1.0,0.7143
000049,0,Car,21.5547,206,roll,2.0,1.0
000049,1,Car,14.3483,930,roll,2.0,0.9581
000049,2,Car,22.2893,140,roll,2.0,0.8571
000049,3,Car,25.2013,79,roll,2.0,0.7975
000049,4,Car,32.7812,18,roll,2.0,1.0
000049,5,Van,45.861,79,roll,2.0,1.0
000049,6,Pedestrian,5.4642,690,roll,2.0,0.9377
000049,7,Car,10.3984,571,roll,2.0,1.0
000049,8,Car,15.4442,432,roll,2.0,1.0
000049,9,Car,20.6443,198,roll,2.0,0.9697
000049,10,Pedestrian,32.79,37,roll,2.0,0.973
000049,11,Car,33.2462,74,roll,2.0,0.9865
000049,12,Car,14.4224,437,roll,2.0,0.8764
000049,13,Car,19.022,312,roll,2.0,0.8526
000049,14,Van,35.5706,261,roll,2.0,1.0
000049,15,Car,22.3814,49,roll,2.0,0.3061
000049,0,Car,21.5547,206,roll,3.0,1.0
000049,1,Car,14.3483,930,roll,3.0,0.9183
000049,2,Car,22.2893,140,roll,3.0,0.7786
000049,3,Car,25.2013,79,roll,3.0,0.7722
000049,4,Car,32.7812,18,roll,3.0,1.0
000049,5,Van,45.861,79,roll,3.0,0.9241
000049,6,Pedestrian,5.4642,690,roll,3.0,0.9072
000049,7,Car,10.3984,571,roll,3.0,0.9842
000049,8,Car,15.4442,432,roll,3.0,0.9838
000049,9,Car,20.6443,198,roll,3.0,0.9242
000049,10,Pedestrian,32.79,37,roll,3.0,0.8378
000049,11,Car,33.2462,74,roll,3.0,0.9189
000049,12,Car,14.4224,437,roll,3.0,0.8078
000049,13,Car,19.022,312,roll,3.0,0.8109
000049,14,Van,35.5706,261,roll,3.0,1.0
000049,15,Car,22.3814,49,roll,3.0,0.1837
000049,0,Car,21.5547,206,lateral_t,0.0,1.0
000049,1,Car,14.3483,930,lateral_t,0.0,1.0
000049,2,Car,22.2893,140,lateral_t,0.0,1.0
000049,3,Car,25.2013,79,lateral_t,0.0,1.0
000049,4,Car,32.7812,18,lateral_t,0.0,1.0
000049,5,Van,45.861,79,lateral_t,0.0,1.0
000049,6,Pedestrian,5.4642,690,lateral_t,0.0,1.0
000049,7,Car,10.3984,571,lateral_t,0.0,1.0
000049,8,Car,15.4442,432,lateral_t,0.0,1.0
000049,9,Car,20.6443,198,lateral_t,0.0,1.0
000049,10,Pedestrian,32.79,37,lateral_t,0.0,1.0
000049,11,Car,33.2462,74,lateral_t,0.0,1.0
000049,12,Car,14.4224,437,lateral_t,0.0,1.0
000049,13,Car,19.022,312,lateral_t,0.0,1.0
000049,14,Van,35.5706,261,lateral_t,0.0,1.0
000049,15,Car,22.3814,49,lateral_t,0.0,1.0
000049,0,Car,21.5547,206,lateral_t,0.02,1.0
000049,1,Car,14.3483,930,lateral_t,0.02,1.0
000049,2,Car,22.2893,140,lateral_t,0.02,1.0
000049,3,Car,25.2013,79,lateral_t,0.02,1.0
000049,4,Car,32.7812,18,lateral_t,0.02,1.0
000049,5,Van,45.861,79,lateral_t,0.02,1.0
000049,6,Pedestrian,5.4642,690,lateral_t,0.02,0.9855
000049,7,Car,10.3984,571,lateral_t,0.02,1.0
000049,8,Car,15.4442,432,lateral_t,0.02,1.0
000049,9,Car,20.6443,198,lateral_t,0.02,1.0
000049,10,Pedestrian,32.79,37,lateral_t,0.02,0.973
000049,11,Car,33.2462,74,lateral_t,0.02,1.0
000049,12,Car,14.4224,437,lateral_t,0.02,1.0
000049,13,Car,19.022,312,lateral_t,0.02,1.0
000049,14,Van,35.5706,261,lateral_t,0.02,1.0
000049,15,Car,22.3814,49,lateral_t,0.02,1.0
000049,0,Car,21.5547,206,lateral_t,0.05,1.0
000049,1,Car,14.3483,930,lateral_t,0.05,1.0
000049,2,Car,22.2893,140,lateral_t,0.05,1.0
000049,3,Car,25.2013,79,lateral_t,0.05,1.0
000049,4,Car,32.7812,18,lateral_t,0.05,1.0
000049,5,Van,45.861,79,lateral_t,0.05,1.0
000049,6,Pedestrian,5.4642,690,lateral_t,0.05,0.9725
000049,7,Car,10.3984,571,lateral_t,0.05,1.0
000049,8,Car,15.4442,432,lateral_t,0.05,1.0
000049,9,Car,20.6443,198,lateral_t,0.05,1.0
000049,10,Pedestrian,32.79,37,lateral_t,0.05,0.973
000049,11,Car,33.2462,74,lateral_t,0.05,1.0
000049,12,Car,14.4224,437,lateral_t,0.05,1.0
000049,13,Car,19.022,312,lateral_t,0.05,1.0
000049,14,Van,35.5706,261,lateral_t,0.05,1.0
000049,15,Car,22.3814,49,lateral_t,0.05,1.0
000049,0,Car,21.5547,206,lateral_t,0.1,0.9709
000049,1,Car,14.3483,930,lateral_t,0.1,0.9968
000049,2,Car,22.2893,140,lateral_t,0.1,1.0
000049,3,Car,25.2013,79,lateral_t,0.1,1.0
000049,4,Car,32.7812,18,lateral_t,0.1,1.0
000049,5,Van,45.861,79,lateral_t,0.1,1.0
000049,6,Pedestrian,5.4642,690,lateral_t,0.1,0.942
000049,7,Car,10.3984,571,lateral_t,0.1,0.9947
000049,8,Car,15.4442,432,lateral_t,0.1,1.0
000049,9,Car,20.6443,198,lateral_t,0.1,1.0
000049,10,Pedestrian,32.79,37,lateral_t,0.1,0.9459
000049,11,Car,33.2462,74,lateral_t,0.1,1.0
000049,12,Car,14.4224,437,lateral_t,0.1,1.0
000049,13,Car,19.022,312,lateral_t,0.1,1.0
000049,14,Van,35.5706,261,lateral_t,0.1,1.0
000049,15,Car,22.3814,49,lateral_t,0.1,1.0
000061,0,Van,18.8105,989,yaw,0.0,1.0
000061,1,Car,14.6534,108,yaw,0.0,1.0
000061,2,Car,21.1452,145,yaw,0.0,1.0
000061,3,Misc,37.1847,86,yaw,0.0,1.0
000061,4,Van,43.6728,14,yaw,0.0,1.0
000061,0,Van,18.8105,989,yaw,0.5,0.998
000061,1,Car,14.6534,108,yaw,0.5,0.6759
000061,2,Car,21.1452,145,yaw,0.5,1.0
000061,3,Misc,37.1847,86,yaw,0.5,0.8953
000061,4,Van,43.6728,14,yaw,0.5,0.7857
000061,0,Van,18.8105,989,yaw,1.0,0.9697
000061,1,Car,14.6534,108,yaw,1.0,0.3148
000061,2,Car,21.1452,145,yaw,1.0,0.9931
000061,3,Misc,37.1847,86,yaw,1.0,0.7326
000061,4,Van,43.6728,14,yaw,1.0,0.6429
000061,0,Van,18.8105,989,yaw,2.0,0.8645
000061,1,Car,14.6534,108,yaw,2.0,0.0
000061,2,Car,21.1452,145,yaw,2.0,0.8345
000061,3,Misc,37.1847,86,yaw,2.0,0.4767
000061,4,Van,43.6728,14,yaw,2.0,0.3571
000061,0,Van,18.8105,989,yaw,3.0,0.7472
000061,1,Car,14.6534,108,yaw,3.0,0.0
000061,2,Car,21.1452,145,yaw,3.0,0.4483
000061,3,Misc,37.1847,86,yaw,3.0,0.1628
000061,4,Van,43.6728,14,yaw,3.0,0.0
000061,0,Van,18.8105,989,pitch,0.0,1.0
000061,1,Car,14.6534,108,pitch,0.0,1.0
000061,2,Car,21.1452,145,pitch,0.0,1.0
000061,3,Misc,37.1847,86,pitch,0.0,1.0
000061,4,Van,43.6728,14,pitch,0.0,1.0
000061,0,Van,18.8105,989,pitch,0.5,0.996
000061,1,Car,14.6534,108,pitch,0.5,0.9907
000061,2,Car,21.1452,145,pitch,0.5,1.0
000061,3,Misc,37.1847,86,pitch,0.5,0.6977
000061,4,Van,43.6728,14,pitch,0.5,1.0
000061,0,Van,18.8105,989,pitch,1.0,0.9596
000061,1,Car,14.6534,108,pitch,1.0,0.9444
000061,2,Car,21.1452,145,pitch,1.0,0.9034
000061,3,Misc,37.1847,86,pitch,1.0,0.4651
000061,4,Van,43.6728,14,pitch,1.0,1.0
000061,0,Van,18.8105,989,pitch,2.0,0.8584
000061,1,Car,14.6534,108,pitch,2.0,0.6944
000061,2,Car,21.1452,145,pitch,2.0,0.731
000061,3,Misc,37.1847,86,pitch,2.0,0.0
000061,4,Van,43.6728,14,pitch,2.0,0.0
000061,0,Van,18.8105,989,pitch,3.0,0.7341
000061,1,Car,14.6534,108,pitch,3.0,0.5278
000061,2,Car,21.1452,145,pitch,3.0,0.5517
000061,3,Misc,37.1847,86,pitch,3.0,0.0
000061,4,Van,43.6728,14,pitch,3.0,0.0
000061,0,Van,18.8105,989,roll,0.0,1.0
000061,1,Car,14.6534,108,roll,0.0,1.0
000061,2,Car,21.1452,145,roll,0.0,1.0
000061,3,Misc,37.1847,86,roll,0.0,1.0
000061,4,Van,43.6728,14,roll,0.0,1.0
000061,0,Van,18.8105,989,roll,0.5,0.997
000061,1,Car,14.6534,108,roll,0.5,0.9907
000061,2,Car,21.1452,145,roll,0.5,1.0
000061,3,Misc,37.1847,86,roll,0.5,0.814
000061,4,Van,43.6728,14,roll,0.5,1.0
000061,0,Van,18.8105,989,roll,1.0,0.9879
000061,1,Car,14.6534,108,roll,1.0,0.9444
000061,2,Car,21.1452,145,roll,1.0,0.9103
000061,3,Misc,37.1847,86,roll,1.0,0.6977
000061,4,Van,43.6728,14,roll,1.0,0.9286
000061,0,Van,18.8105,989,roll,2.0,0.9242
000061,1,Car,14.6534,108,roll,2.0,0.8241
000061,2,Car,21.1452,145,roll,2.0,0.8414
000061,3,Misc,37.1847,86,roll,2.0,0.5349
000061,4,Van,43.6728,14,roll,2.0,0.9286
000061,0,Van,18.8105,989,roll,3.0,0.8382
000061,1,Car,14.6534,108,roll,3.0,0.713
000061,2,Car,21.1452,145,roll,3.0,0.6897
000061,3,Misc,37.1847,86,roll,3.0,0.2209
000061,4,Van,43.6728,14,roll,3.0,0.9286
000061,0,Van,18.8105,989,lateral_t,0.0,1.0
000061,1,Car,14.6534,108,lateral_t,0.0,1.0
000061,2,Car,21.1452,145,lateral_t,0.0,1.0
000061,3,Misc,37.1847,86,lateral_t,0.0,1.0
000061,4,Van,43.6728,14,lateral_t,0.0,1.0
000061,0,Van,18.8105,989,lateral_t,0.02,1.0
000061,1,Car,14.6534,108,lateral_t,0.02,0.9537
000061,2,Car,21.1452,145,lateral_t,0.02,1.0
000061,3,Misc,37.1847,86,lateral_t,0.02,1.0
000061,4,Van,43.6728,14,lateral_t,0.02,1.0
000061,0,Van,18.8105,989,lateral_t,0.05,1.0
000061,1,Car,14.6534,108,lateral_t,0.05,0.8889
000061,2,Car,21.1452,145,lateral_t,0.05,1.0
000061,3,Misc,37.1847,86,lateral_t,0.05,0.9884
000061,4,Van,43.6728,14,lateral_t,0.05,1.0
000061,0,Van,18.8105,989,lateral_t,0.1,1.0
000061,1,Car,14.6534,108,lateral_t,0.1,0.787
000061,2,Car,21.1452,145,lateral_t,0.1,1.0
000061,3,Misc,37.1847,86,lateral_t,0.1,0.9884
000061,4,Van,43.6728,14,lateral_t,0.1,1.0
