axis,level,dist_bin,n_objects,mean_inbox_ratio,mismatch_rate,mean_fov_ratio
lateral_t,0.0,<15 m,84,1.0,0.0,0.0873
lateral_t,0.0,15-30 m,173,1.0,0.0,0.0873
lateral_t,0.0,>30 m,35,1.0,0.0,0.0873
lateral_t,0.02,<15 m,84,0.9872,0.0476,0.0873
lateral_t,0.02,15-30 m,173,0.9994,0.0,0.0873
lateral_t,0.02,>30 m,35,1.0,0.0,0.0873
lateral_t,0.05,<15 m,84,0.9811,0.0476,0.0873
lateral_t,0.05,15-30 m,173,0.9983,0.0,0.0873
lateral_t,0.05,>30 m,35,0.9971,0.0,0.0873
lateral_t,0.1,<15 m,84,0.9566,0.1071,0.0872
lateral_t,0.1,15-30 m,173,0.9942,0.0173,0.0872
lateral_t,0.1,>30 m,35,0.9971,0.0,0.0872
pitch,0.0,<15 m,84,1.0,0.0,0.0873
pitch,0.0,15-30 m,173,1.0,0.0,0.0873
pitch,0.0,>30 m,35,1.0,0.0,0.0873
pitch,0.5,<15 m,84,0.9923,0.0238,0.0874
pitch,0.5,15-30 m,173,0.999,0.0,0.0874
pitch,0.5,>30 m,35,1.0,0.0,0.0874
pitch,1.0,<15 m,84,0.9864,0.0238,0.0874
pitch,1.0,15-30 m,173,0.9974,0.0058,0.0874
pitch,1.0,>30 m,35,0.997,0.0286,0.0874
pitch,2.0,<15 m,84,0.9684,0.0952,0.0874
pitch,2.0,15-30 m,173,0.9626,0.1156,0.0874
pitch,2.0,>30 m,35,0.968,0.0571,0.0874
pitch,3.0,<15 m,84,0.9466,0.2024,0.0874
pitch,3.0,15-30 m,173,0.9115,0.3121,0.0874
pitch,3.0,>30 m,35,0.8675,0.2571,0.0874
roll,0.0,<15 m,84,1.0,0.0,0.0873
roll,0.0,15-30 m,173,1.0,0.0,0.0873
roll,0.0,>30 m,35,1.0,0.0,0.0873
roll,0.5,<15 m,84,0.9912,0.0119,0.0887
roll,0.5,15-30 m,173,0.9959,0.0173,0.0887
roll,0.5,>30 m,35,0.9919,0.0286,0.0887
roll,1.0,<15 m,84,0.9639,0.131,0.0906
roll,1.0,15-30 m,173,0.9325,0.2197,0.0906
roll,1.0,>30 m,35,0.817,0.4286,0.0906
roll,2.0,<15 m,84,0.8799,0.4048,0.0944
roll,2.0,15-30 m,173,0.8047,0.6127,0.0944
roll,2.0,>30 m,35,0.5089,0.9143,0.0944
roll,3.0,<15 m,84,0.8058,0.6548,0.0979
roll,3.0,15-30 m,173,0.5251,0.9191,0.0979
roll,3.0,>30 m,35,0.1948,1.0,0.0979
yaw,0.0,<15 m,84,1.0,0.0,0.0873
yaw,0.0,15-30 m,173,1.0,0.0,0.0873
yaw,0.0,>30 m,35,1.0,0.0,0.0873
yaw,0.5,<15 m,84,0.9744,0.0833,0.0872
yaw,0.5,15-30 m,173,0.9772,0.0462,0.0872
yaw,0.5,>30 m,35,0.992,0.0,0.0872
yaw,1.0,<15 m,84,0.9228,0.2262,0.0872
yaw,1.0,15-30 m,173,0.9278,0.2717,0.0872
yaw,1.0,>30 m,35,0.9298,0.2,0.0872
yaw,2.0,<15 m,84,0.7621,0.5,0.0872
yaw,2.0,15-30 m,173,0.7737,0.6763,0.0872
yaw,2.0,>30 m,35,0.7467,0.6286,0.0872
yaw,3.0,<15 m,84,0.5917,0.8571,0.0871
yaw,3.0,15-30 m,173,0.6097,0.8671,0.0871
yaw,3.0,>30 m,35,0.513,0.9143,0.0871
lateral_t,0.0,all,292,1.0,0.0,0.0873
lateral_t,0.02,all,292,0.996,0.0137,0.0873
lateral_t,0.05,all,292,0.9932,0.0137,0.0873
lateral_t,0.1,all,292,0.9838,0.0411,0.0872
pitch,0.0,all,292,1.0,0.0,0.0873
pitch,0.5,all,292,0.9972,0.0068,0.0874
pitch,1.0,all,292,0.9942,0.0137,0.0874
pitch,2.0,all,292,0.9649,0.1027,0.0874
pitch,3.0,all,292,0.9163,0.274,0.0874
roll,0.0,all,292,1.0,0.0,0.0873
roll,0.5,all,292,0.994,0.0171,0.0887
roll,1.0,all,292,0.9277,0.2192,0.0906
roll,2.0,all,292,0.7909,0.589,0.0944
roll,3.0,all,292,0.5662,0.8527,0.0979
yaw,0.0,all,292,1.0,0.0,0.0873
yaw,0.5,all,292,0.9782,0.0514,0.0872
yaw,1.0,all,292,0.9266,0.25,0.0872
yaw,2.0,all,292,0.7671,0.6199,0.0872
yaw,3.0,all,292,0.593,0.8699,0.0871
