ring_sort,window,frame,true_yaw_deg,est_drift_deg,abs_err_deg
False,scene-0103,scene-0103_000,0.0,-2.25,2.25
False,scene-0103,scene-0103_001,0.0,-2.75,2.75
False,scene-0103,scene-0103_002,0.0,-3.5,3.5
False,scene-0103,scene-0103_003,0.0,-1.0,1.0
False,scene-0103,scene-0103_004,0.0,3.5,3.5
False,scene-0103,scene-0103_005,0.0,3.25,3.25
False,scene-0103,scene-0103_006,0.0,2.25,2.25
False,scene-0103,scene-0103_007,0.0,-3.75,3.75
False,scene-0103,scene-0103_008,0.0,4.0,4.0
False,scene-0103,scene-0103_009,0.0,3.25,3.25
False,scene-0103,scene-0103_010,0.0,3.5,3.5
False,scene-0103,scene-0103_011,0.0,2.5,2.5
False,scene-0103,scene-0103_012,0.0,4.0,4.0
False,scene-0103,scene-0103_013,0.0,4.0,4.0
False,scene-0103,scene-0103_014,0.0,4.0,4.0
False,scene-0103,scene-0103_015,0.0,3.25,3.25
False,scene-0103,scene-0103_016,0.0,3.25,3.25
False,scene-0103,scene-0103_017,0.0,4.0,4.0
False,scene-0103,scene-0103_018,0.0,4.0,4.0
False,scene-0103,scene-0103_019,0.0,4.0,4.0
False,scene-0103,scene-0103_020,0.0,4.0,4.0
False,scene-0103,scene-0103_021,0.0,4.0,4.0
False,scene-0103,scene-0103_022,0.0,4.0,4.0
False,scene-0103,scene-0103_023,0.0,-3.25,3.25
False,scene-0103,scene-0103_024,0.0,3.75,3.75
False,scene-0103,scene-0103_025,0.0,-3.5,3.5
False,scene-0103,scene-0103_026,0.0,3.0,3.0
False,scene-0103,scene-0103_027,0.0,3.25,3.25
False,scene-0103,scene-0103_028,0.0,-4.0,4.0
False,scene-0103,scene-0103_029,0.0,3.5,3.5
False,scene-0103,scene-0103_030,0.0,-2.5,2.5
False,scene-0103,scene-0103_031,0.0,-4.0,4.0
False,scene-0103,scene-0103_032,0.0,-4.0,4.0
False,scene-0103,scene-0103_033,0.0,-3.5,3.5
False,scene-0103,scene-0103_034,0.0,-4.0,4.0
False,scene-0103,scene-0103_035,0.0,3.5,3.5
False,scene-0103,scene-0103_036,0.0,-2.5,2.5
False,scene-0103,scene-0103_037,0.0,-4.0,4.0
False,scene-0103,scene-0103_038,0.0,-3.0,3.0
False,scene-0103,scene-0103_039,0.0,-4.0,4.0
False,scene-1094,scene-1094_000,0.0,3.75,3.75
False,scene-1094,scene-1094_001,0.0,4.0,4.0
False,scene-1094,scene-1094_002,0.0,0.5,0.5
False,scene-1094,scene-1094_003,0.0,0.5,0.5
False,scene-1094,scene-1094_004,0.0,4.0,4.0
False,scene-1094,scene-1094_005,0.0,-2.5,2.5
False,scene-1094,scene-1094_006,0.0,-2.0,2.0
False,scene-1094,scene-1094_007,0.0,3.25,3.25
False,scene-1094,scene-1094_008,0.0,3.25,3.25
False,scene-1094,scene-1094_009,0.0,3.5,3.5
False,scene-1094,scene-1094_010,0.0,-4.0,4.0
False,scene-1094,scene-1094_011,0.0,2.5,2.5
False,scene-1094,scene-1094_012,0.0,-4.0,4.0
False,scene-1094,scene-1094_013,0.0,-3.5,3.5
False,scene-1094,scene-1094_014,0.0,-2.0,2.0
False,scene-1094,scene-1094_015,0.0,-1.75,1.75
False,scene-1094,scene-1094_016,0.0,4.0,4.0
False,scene-1094,scene-1094_017,0.0,-0.0,0.0
False,scene-1094,scene-1094_018,0.0,0.25,0.25
False,scene-1094,scene-1094_019,0.0,-4.0,4.0
False,scene-1094,scene-1094_020,0.0,-4.0,4.0
False,scene-1094,scene-1094_021,0.0,4.0,4.0
False,scene-1094,scene-1094_022,0.0,4.0,4.0
False,scene-1094,scene-1094_023,0.0,3.75,3.75
False,scene-1094,scene-1094_024,0.0,-3.75,3.75
False,scene-1094,scene-1094_025,0.0,-3.5,3.5
False,scene-1094,scene-1094_026,0.0,-3.5,3.5
False,scene-1094,scene-1094_027,0.0,-2.75,2.75
False,scene-1094,scene-1094_028,0.0,-3.0,3.0
False,scene-1094,scene-1094_029,0.0,4.0,4.0
False,scene-1094,scene-1094_030,0.0,-3.0,3.0
False,scene-1094,scene-1094_031,0.0,-2.0,2.0
False,scene-1094,scene-1094_032,0.0,3.25,3.25
False,scene-1094,scene-1094_033,0.0,4.0,4.0
False,scene-1094,scene-1094_034,0.0,-4.0,4.0
False,scene-1094,scene-1094_035,0.0,-3.75,3.75
False,scene-1094,scene-1094_036,0.0,-1.5,1.5
False,scene-1094,scene-1094_037,0.0,1.25,1.25
False,scene-1094,scene-1094_038,0.0,1.25,1.25
False,scene-1094,scene-1094_039,0.0,-3.75,3.75
False,scene-0103,WINDOW,0.0,4.0,4.0
False,scene-1094,WINDOW,0.0,-3.75,3.75
False,scene-0103,scene-0103_000,0.5,-1.75,2.25
False,scene-0103,scene-0103_001,0.5,-2.25,2.75
False,scene-0103,scene-0103_002,0.5,-3.0,3.5
False,scene-0103,scene-0103_003,0.5,-0.5,1.0
False,scene-0103,scene-0103_004,0.5,4.0,3.5
False,scene-0103,scene-0103_005,0.5,3.75,3.25
False,scene-0103,scene-0103_006,0.5,2.75,2.25
False,scene-0103,scene-0103_007,0.5,-3.25,3.75
False,scene-0103,scene-0103_008,0.5,-1.0,1.5
False,scene-0103,scene-0103_009,0.5,3.75,3.25
False,scene-0103,scene-0103_010,0.5,4.0,3.5
False,scene-0103,scene-0103_011,0.5,3.0,2.5
False,scene-0103,scene-0103_012,0.5,3.75,3.25
False,scene-0103,scene-0103_013,0.5,3.5,3.0
False,scene-0103,scene-0103_014,0.5,4.0,3.5
False,scene-0103,scene-0103_015,0.5,3.75,3.25
False,scene-0103,scene-0103_016,0.5,3.75,3.25
False,scene-0103,scene-0103_017,0.5,3.25,2.75
False,scene-0103,scene-0103_018,0.5,4.0,3.5
False,scene-0103,scene-0103_019,0.5,-2.0,2.5
False,scene-0103,scene-0103_020,0.5,4.0,3.5
False,scene-0103,scene-0103_021,0.5,3.5,3.0
False,scene-0103,scene-0103_022,0.5,4.0,3.5
False,scene-0103,scene-0103_023,0.5,-3.75,4.25
False,scene-0103,scene-0103_024,0.5,4.0,3.5
False,scene-0103,scene-0103_025,0.5,-3.0,3.5
False,scene-0103,scene-0103_026,0.5,3.5,3.0
False,scene-0103,scene-0103_027,0.5,3.75,3.25
False,scene-0103,scene-0103_028,0.5,-3.5,4.0
False,scene-0103,scene-0103_029,0.5,-4.0,4.5
False,scene-0103,scene-0103_030,0.5,-2.0,2.5
False,scene-0103,scene-0103_031,0.5,-3.5,4.0
False,scene-0103,scene-0103_032,0.5,-3.5,4.0
False,scene-0103,scene-0103_033,0.5,-3.0,3.5
False,scene-0103,scene-0103_034,0.5,-3.5,4.0
False,scene-0103,scene-0103_035,0.5,4.0,3.5
False,scene-0103,scene-0103_036,0.5,-2.0,2.5
False,scene-0103,scene-0103_037,0.5,-3.75,4.25
False,scene-0103,scene-0103_038,0.5,-2.5,3.0
False,scene-0103,scene-0103_039,0.5,-3.5,4.0
False,scene-1094,scene-1094_000,0.5,4.0,3.5
False,scene-1094,scene-1094_001,0.5,1.5,1.0
False,scene-1094,scene-1094_002,0.5,1.0,0.5
False,scene-1094,scene-1094_003,0.5,1.0,0.5
False,scene-1094,scene-1094_004,0.5,-1.25,1.75
False,scene-1094,scene-1094_005,0.5,-2.0,2.5
False,scene-1094,scene-1094_006,0.5,-1.5,2.0
False,scene-1094,scene-1094_007,0.5,3.75,3.25
False,scene-1094,scene-1094_008,0.5,3.75,3.25
False,scene-1094,scene-1094_009,0.5,4.0,3.5
False,scene-1094,scene-1094_010,0.5,-3.5,4.0
False,scene-1094,scene-1094_011,0.5,3.0,2.5
False,scene-1094,scene-1094_012,0.5,-3.5,4.0
False,scene-1094,scene-1094_013,0.5,-4.0,4.5
False,scene-1094,scene-1094_014,0.5,-1.5,2.0
False,scene-1094,scene-1094_015,0.5,-1.25,1.75
False,scene-1094,scene-1094_016,0.5,3.25,2.75
False,scene-1094,scene-1094_017,0.5,0.5,0.0
False,scene-1094,scene-1094_018,0.5,0.75,0.25
False,scene-1094,scene-1094_019,0.5,-4.0,4.5
False,scene-1094,scene-1094_020,0.5,-3.5,4.0
False,scene-1094,scene-1094_021,0.5,-3.25,3.75
False,scene-1094,scene-1094_022,0.5,0.75,0.25
False,scene-1094,scene-1094_023,0.5,3.75,3.25
False,scene-1094,scene-1094_024,0.5,-3.25,3.75
False,scene-1094,scene-1094_025,0.5,-4.0,4.5
False,scene-1094,scene-1094_026,0.5,-3.75,4.25
False,scene-1094,scene-1094_027,0.5,-2.25,2.75
False,scene-1094,scene-1094_028,0.5,-2.5,3.0
False,scene-1094,scene-1094_029,0.5,4.0,3.5
False,scene-1094,scene-1094_030,0.5,-2.5,3.0
False,scene-1094,scene-1094_031,0.5,-1.5,2.0
False,scene-1094,scene-1094_032,0.5,3.75,3.25
False,scene-1094,scene-1094_033,0.5,-3.75,4.25
False,scene-1094,scene-1094_034,0.5,-3.5,4.0
False,scene-1094,scene-1094_035,0.5,-3.75,4.25
False,scene-1094,scene-1094_036,0.5,-1.0,1.5
False,scene-1094,scene-1094_037,0.5,-4.0,4.5
False,scene-1094,scene-1094_038,0.5,1.75,1.25
False,scene-1094,scene-1094_039,0.5,-3.75,4.25
False,scene-0103,WINDOW,0.5,4.0,3.5
False,scene-1094,WINDOW,0.5,-3.25,3.75
False,scene-0103,scene-0103_000,1.0,-4.0,5.0
False,scene-0103,scene-0103_001,1.0,-1.75,2.75
False,scene-0103,scene-0103_002,1.0,-2.5,3.5
False,scene-0103,scene-0103_003,1.0,-0.0,1.0
False,scene-0103,scene-0103_004,1.0,4.0,3.0
False,scene-0103,scene-0103_005,1.0,3.75,2.75
False,scene-0103,scene-0103_006,1.0,3.25,2.25
False,scene-0103,scene-0103_007,1.0,-2.75,3.75
False,scene-0103,scene-0103_008,1.0,-0.5,1.5
False,scene-0103,scene-0103_009,1.0,-2.5,3.5
False,scene-0103,scene-0103_010,1.0,4.0,3.0
False,scene-0103,scene-0103_011,1.0,3.5,2.5
False,scene-0103,scene-0103_012,1.0,4.0,3.0
False,scene-0103,scene-0103_013,1.0,4.0,3.0
False,scene-0103,scene-0103_014,1.0,4.0,3.0
False,scene-0103,scene-0103_015,1.0,4.0,3.0
False,scene-0103,scene-0103_016,1.0,3.25,2.25
False,scene-0103,scene-0103_017,1.0,3.75,2.75
False,scene-0103,scene-0103_018,1.0,4.0,3.0
False,scene-0103,scene-0103_019,1.0,-1.5,2.5
False,scene-0103,scene-0103_020,1.0,-1.0,2.0
False,scene-0103,scene-0103_021,1.0,4.0,3.0
False,scene-0103,scene-0103_022,1.0,-3.75,4.75
False,scene-0103,scene-0103_023,1.0,-4.0,5.0
False,scene-0103,scene-0103_024,1.0,-3.75,4.75
False,scene-0103,scene-0103_025,1.0,-2.5,3.5
False,scene-0103,scene-0103_026,1.0,4.0,3.0
False,scene-0103,scene-0103_027,1.0,4.0,3.0
False,scene-0103,scene-0103_028,1.0,-3.0,4.0
False,scene-0103,scene-0103_029,1.0,-3.5,4.5
False,scene-0103,scene-0103_030,1.0,-4.0,5.0
False,scene-0103,scene-0103_031,1.0,-4.0,5.0
False,scene-0103,scene-0103_032,1.0,-3.0,4.0
False,scene-0103,scene-0103_033,1.0,-2.5,3.5
False,scene-0103,scene-0103_034,1.0,-3.75,4.75
False,scene-0103,scene-0103_035,1.0,-4.0,5.0
False,scene-0103,scene-0103_036,1.0,-1.5,2.5
False,scene-0103,scene-0103_037,1.0,-3.75,4.75
False,scene-0103,scene-0103_038,1.0,-2.0,3.0
False,scene-0103,scene-0103_039,1.0,-3.75,4.75
False,scene-1094,scene-1094_000,1.0,3.5,2.5
False,scene-1094,scene-1094_001,1.0,2.0,1.0
False,scene-1094,scene-1094_002,1.0,1.5,0.5
False,scene-1094,scene-1094_003,1.0,1.5,0.5
False,scene-1094,scene-1094_004,1.0,-0.75,1.75
False,scene-1094,scene-1094_005,1.0,-1.5,2.5
False,scene-1094,scene-1094_006,1.0,-1.0,2.0
False,scene-1094,scene-1094_007,1.0,3.5,2.5
False,scene-1094,scene-1094_008,1.0,4.0,3.0
False,scene-1094,scene-1094_009,1.0,4.0,3.0
False,scene-1094,scene-1094_010,1.0,-3.0,4.0
False,scene-1094,scene-1094_011,1.0,3.5,2.5
False,scene-1094,scene-1094_012,1.0,-3.75,4.75
False,scene-1094,scene-1094_013,1.0,-3.75,4.75
False,scene-1094,scene-1094_014,1.0,-1.0,2.0
False,scene-1094,scene-1094_015,1.0,-4.0,5.0
False,scene-1094,scene-1094_016,1.0,3.75,2.75
False,scene-1094,scene-1094_017,1.0,1.0,0.0
False,scene-1094,scene-1094_018,1.0,-3.75,4.75
False,scene-1094,scene-1094_019,1.0,-3.5,4.5
False,scene-1094,scene-1094_020,1.0,-3.0,4.0
False,scene-1094,scene-1094_021,1.0,-2.75,3.75
False,scene-1094,scene-1094_022,1.0,1.25,0.25
False,scene-1094,scene-1094_023,1.0,3.75,2.75
False,scene-1094,scene-1094_024,1.0,-2.75,3.75
False,scene-1094,scene-1094_025,1.0,-3.5,4.5
False,scene-1094,scene-1094_026,1.0,-4.0,5.0
False,scene-1094,scene-1094_027,1.0,-1.75,2.75
False,scene-1094,scene-1094_028,1.0,-2.0,3.0
False,scene-1094,scene-1094_029,1.0,4.0,3.0
False,scene-1094,scene-1094_030,1.0,-2.0,3.0
False,scene-1094,scene-1094_031,1.0,-1.0,2.0
False,scene-1094,scene-1094_032,1.0,-2.5,3.5
False,scene-1094,scene-1094_033,1.0,-3.25,4.25
False,scene-1094,scene-1094_034,1.0,-3.0,4.0
False,scene-1094,scene-1094_035,1.0,-3.25,4.25
False,scene-1094,scene-1094_036,1.0,-4.0,5.0
False,scene-1094,scene-1094_037,1.0,-3.5,4.5
False,scene-1094,scene-1094_038,1.0,2.25,1.25
False,scene-1094,scene-1094_039,1.0,-3.25,4.25
False,scene-0103,WINDOW,1.0,4.0,3.0
False,scene-1094,WINDOW,1.0,-2.75,3.75
False,scene-0103,scene-0103_000,2.0,-3.5,5.5
False,scene-0103,scene-0103_001,2.0,-4.0,6.0
False,scene-0103,scene-0103_002,2.0,-1.5,3.5
False,scene-0103,scene-0103_003,2.0,1.0,1.0
False,scene-0103,scene-0103_004,2.0,0.5,1.5
False,scene-0103,scene-0103_005,2.0,3.75,1.75
False,scene-0103,scene-0103_006,2.0,4.0,2.0
False,scene-0103,scene-0103_007,2.0,-3.5,5.5
False,scene-0103,scene-0103_008,2.0,0.5,1.5
False,scene-0103,scene-0103_009,2.0,-1.5,3.5
False,scene-0103,scene-0103_010,2.0,-3.75,5.75
False,scene-0103,scene-0103_011,2.0,-3.75,5.75
False,scene-0103,scene-0103_012,2.0,4.0,2.0
False,scene-0103,scene-0103_013,2.0,4.0,2.0
False,scene-0103,scene-0103_014,2.0,4.0,2.0
False,scene-0103,scene-0103_015,2.0,3.75,1.75
False,scene-0103,scene-0103_016,2.0,4.0,2.0
False,scene-0103,scene-0103_017,2.0,-2.0,4.0
False,scene-0103,scene-0103_018,2.0,-0.5,2.5
False,scene-0103,scene-0103_019,2.0,-0.5,2.5
False,scene-0103,scene-0103_020,2.0,-0.0,2.0
False,scene-0103,scene-0103_021,2.0,4.0,2.0
False,scene-0103,scene-0103_022,2.0,-3.25,5.25
False,scene-0103,scene-0103_023,2.0,-3.0,5.0
False,scene-0103,scene-0103_024,2.0,-4.0,6.0
False,scene-0103,scene-0103_025,2.0,-3.5,5.5
False,scene-0103,scene-0103_026,2.0,-2.0,4.0
False,scene-0103,scene-0103_027,2.0,3.25,1.25
False,scene-0103,scene-0103_028,2.0,-2.0,4.0
False,scene-0103,scene-0103_029,2.0,-3.5,5.5
False,scene-0103,scene-0103_030,2.0,-3.5,5.5
False,scene-0103,scene-0103_031,2.0,-3.0,5.0
False,scene-0103,scene-0103_032,2.0,-2.0,4.0
False,scene-0103,scene-0103_033,2.0,-3.25,5.25
False,scene-0103,scene-0103_034,2.0,-2.75,4.75
False,scene-0103,scene-0103_035,2.0,-4.0,6.0
False,scene-0103,scene-0103_036,2.0,-3.5,5.5
False,scene-0103,scene-0103_037,2.0,-2.75,4.75
False,scene-0103,scene-0103_038,2.0,-1.0,3.0
False,scene-0103,scene-0103_039,2.0,-2.75,4.75
False,scene-1094,scene-1094_000,2.0,2.25,0.25
False,scene-1094,scene-1094_001,2.0,3.0,1.0
False,scene-1094,scene-1094_002,2.0,2.5,0.5
False,scene-1094,scene-1094_003,2.0,2.5,0.5
False,scene-1094,scene-1094_004,2.0,0.25,1.75
False,scene-1094,scene-1094_005,2.0,-0.5,2.5
False,scene-1094,scene-1094_006,2.0,-0.0,2.0
False,scene-1094,scene-1094_007,2.0,3.5,1.5
False,scene-1094,scene-1094_008,2.0,-1.5,3.5
False,scene-1094,scene-1094_009,2.0,4.0,2.0
False,scene-1094,scene-1094_010,2.0,-2.0,4.0
False,scene-1094,scene-1094_011,2.0,3.5,1.5
False,scene-1094,scene-1094_012,2.0,-2.75,4.75
False,scene-1094,scene-1094_013,2.0,-3.5,5.5
False,scene-1094,scene-1094_014,2.0,-0.0,2.0
False,scene-1094,scene-1094_015,2.0,-3.0,5.0
False,scene-1094,scene-1094_016,2.0,-4.0,6.0
False,scene-1094,scene-1094_017,2.0,-3.75,5.75
False,scene-1094,scene-1094_018,2.0,-3.25,5.25
False,scene-1094,scene-1094_019,2.0,-2.5,4.5
False,scene-1094,scene-1094_020,2.0,-3.75,5.75
False,scene-1094,scene-1094_021,2.0,-3.25,5.25
False,scene-1094,scene-1094_022,2.0,2.25,0.25
False,scene-1094,scene-1094_023,2.0,1.75,0.25
False,scene-1094,scene-1094_024,2.0,-1.75,3.75
False,scene-1094,scene-1094_025,2.0,-3.5,5.5
False,scene-1094,scene-1094_026,2.0,-3.0,5.0
False,scene-1094,scene-1094_027,2.0,-3.75,5.75
False,scene-1094,scene-1094_028,2.0,-1.0,3.0
False,scene-1094,scene-1094_029,2.0,-3.25,5.25
False,scene-1094,scene-1094_030,2.0,-1.0,3.0
False,scene-1094,scene-1094_031,2.0,-0.0,2.0
False,scene-1094,scene-1094_032,2.0,-1.5,3.5
False,scene-1094,scene-1094_033,2.0,-2.25,4.25
False,scene-1094,scene-1094_034,2.0,-3.75,5.75
False,scene-1094,scene-1094_035,2.0,-4.0,6.0
False,scene-1094,scene-1094_036,2.0,-3.0,5.0
False,scene-1094,scene-1094_037,2.0,-2.5,4.5
False,scene-1094,scene-1094_038,2.0,3.25,1.25
False,scene-1094,scene-1094_039,2.0,-2.25,4.25
False,scene-0103,WINDOW,2.0,-3.25,5.25
False,scene-1094,WINDOW,2.0,-3.75,5.75
False,scene-0103,scene-0103_000,3.0,-2.5,5.5
False,scene-0103,scene-0103_001,3.0,-4.0,7.0
False,scene-0103,scene-0103_002,3.0,-0.5,3.5
False,scene-0103,scene-0103_003,3.0,2.0,1.0
False,scene-0103,scene-0103_004,3.0,1.5,1.5
False,scene-0103,scene-0103_005,3.0,3.75,0.75
False,scene-0103,scene-0103_006,3.0,3.0,0.0
False,scene-0103,scene-0103_007,3.0,-4.0,7.0
False,scene-0103,scene-0103_008,3.0,-3.5,6.5
False,scene-0103,scene-0103_009,3.0,-3.5,6.5
False,scene-0103,scene-0103_010,3.0,-4.0,7.0
False,scene-0103,scene-0103_011,3.0,-3.25,6.25
False,scene-0103,scene-0103_012,3.0,-3.75,6.75
False,scene-0103,scene-0103_013,3.0,3.25,0.25
False,scene-0103,scene-0103_014,3.0,0.75,2.25
False,scene-0103,scene-0103_015,3.0,3.75,0.75
False,scene-0103,scene-0103_016,3.0,-4.0,7.0
False,scene-0103,scene-0103_017,3.0,-4.0,7.0
False,scene-0103,scene-0103_018,3.0,0.5,2.5
False,scene-0103,scene-0103_019,3.0,-3.25,6.25
False,scene-0103,scene-0103_020,3.0,1.0,2.0
False,scene-0103,scene-0103_021,3.0,-0.25,3.25
False,scene-0103,scene-0103_022,3.0,-2.25,5.25
False,scene-0103,scene-0103_023,3.0,-2.0,5.0
False,scene-0103,scene-0103_024,3.0,-4.0,7.0
False,scene-0103,scene-0103_025,3.0,-4.0,7.0
False,scene-0103,scene-0103_026,3.0,-1.0,4.0
False,scene-0103,scene-0103_027,3.0,3.75,0.75
False,scene-0103,scene-0103_028,3.0,-1.0,4.0
False,scene-0103,scene-0103_029,3.0,-2.5,5.5
False,scene-0103,scene-0103_030,3.0,-2.5,5.5
False,scene-0103,scene-0103_031,3.0,-3.75,6.75
False,scene-0103,scene-0103_032,3.0,-1.0,4.0
False,scene-0103,scene-0103_033,3.0,-2.25,5.25
False,scene-0103,scene-0103_034,3.0,-1.75,4.75
False,scene-0103,scene-0103_035,3.0,-3.5,6.5
False,scene-0103,scene-0103_036,3.0,-4.0,7.0
False,scene-0103,scene-0103_037,3.0,-4.0,7.0
False,scene-0103,scene-0103_038,3.0,-0.0,3.0
False,scene-0103,scene-0103_039,3.0,-1.75,4.75
False,scene-1094,scene-1094_000,3.0,3.25,0.25
False,scene-1094,scene-1094_001,3.0,4.0,1.0
False,scene-1094,scene-1094_002,3.0,3.5,0.5
False,scene-1094,scene-1094_003,3.0,3.5,0.5
False,scene-1094,scene-1094_004,3.0,1.25,1.75
False,scene-1094,scene-1094_005,3.0,-3.75,6.75
False,scene-1094,scene-1094_006,3.0,1.0,2.0
False,scene-1094,scene-1094_007,3.0,-4.0,7.0
False,scene-1094,scene-1094_008,3.0,-0.5,3.5
False,scene-1094,scene-1094_009,3.0,-3.75,6.75
False,scene-1094,scene-1094_010,3.0,-1.0,4.0
False,scene-1094,scene-1094_011,3.0,1.0,2.0
False,scene-1094,scene-1094_012,3.0,-1.75,4.75
False,scene-1094,scene-1094_013,3.0,-2.5,5.5
False,scene-1094,scene-1094_014,3.0,1.0,2.0
False,scene-1094,scene-1094_015,3.0,-2.0,5.0
False,scene-1094,scene-1094_016,3.0,-3.0,6.0
False,scene-1094,scene-1094_017,3.0,-2.75,5.75
False,scene-1094,scene-1094_018,3.0,-2.25,5.25
False,scene-1094,scene-1094_019,3.0,-3.75,6.75
False,scene-1094,scene-1094_020,3.0,-2.75,5.75
False,scene-1094,scene-1094_021,3.0,-4.0,7.0
False,scene-1094,scene-1094_022,3.0,3.25,0.25
False,scene-1094,scene-1094_023,3.0,2.75,0.25
False,scene-1094,scene-1094_024,3.0,-0.75,3.75
False,scene-1094,scene-1094_025,3.0,-2.5,5.5
False,scene-1094,scene-1094_026,3.0,-2.0,5.0
False,scene-1094,scene-1094_027,3.0,-2.75,5.75
False,scene-1094,scene-1094_028,3.0,-0.0,3.0
False,scene-1094,scene-1094_029,3.0,-2.25,5.25
False,scene-1094,scene-1094_030,3.0,-0.0,3.0
False,scene-1094,scene-1094_031,3.0,1.0,2.0
False,scene-1094,scene-1094_032,3.0,-0.5,3.5
False,scene-1094,scene-1094_033,3.0,-1.25,4.25
False,scene-1094,scene-1094_034,3.0,-4.0,7.0
False,scene-1094,scene-1094_035,3.0,-3.25,6.25
False,scene-1094,scene-1094_036,3.0,-3.75,6.75
False,scene-1094,scene-1094_037,3.0,-3.75,6.75
False,scene-1094,scene-1094_038,3.0,3.0,0.0
False,scene-1094,scene-1094_039,3.0,-1.25,4.25
False,scene-0103,WINDOW,3.0,-4.0,7.0
False,scene-1094,WINDOW,3.0,-2.75,5.75
True,scene-0103,scene-0103_000,0.0,-0.0,0.0
True,scene-0103,scene-0103_001,0.0,2.25,2.25
True,scene-0103,scene-0103_002,0.0,-3.0,3.0
True,scene-0103,scene-0103_003,0.0,-0.0,0.0
True,scene-0103,scene-0103_004,0.0,1.25,1.25
True,scene-0103,scene-0103_005,0.0,0.75,0.75
True,scene-0103,scene-0103_006,0.0,-0.0,0.0
True,scene-0103,scene-0103_007,0.0,-0.5,0.5
True,scene-0103,scene-0103_008,0.0,-0.0,0.0
True,scene-0103,scene-0103_009,0.0,1.25,1.25
True,scene-0103,scene-0103_010,0.0,3.5,3.5
True,scene-0103,scene-0103_011,0.0,1.75,1.75
True,scene-0103,scene-0103_012,0.0,2.5,2.5
True,scene-0103,scene-0103_013,0.0,2.75,2.75
True,scene-0103,scene-0103_014,0.0,3.5,3.5
True,scene-0103,scene-0103_015,0.0,3.5,3.5
True,scene-0103,scene-0103_016,0.0,0.5,0.5
True,scene-0103,scene-0103_017,0.0,2.0,2.0
True,scene-0103,scene-0103_018,0.0,4.0,4.0
True,scene-0103,scene-0103_019,0.0,-0.5,0.5
True,scene-0103,scene-0103_020,0.0,-1.75,1.75
True,scene-0103,scene-0103_021,0.0,4.0,4.0
True,scene-0103,scene-0103_022,0.0,0.75,0.75
True,scene-0103,scene-0103_023,0.0,2.5,2.5
True,scene-0103,scene-0103_024,0.0,-0.0,0.0
True,scene-0103,scene-0103_025,0.0,0.25,0.25
True,scene-0103,scene-0103_026,0.0,-0.0,0.0
True,scene-0103,scene-0103_027,0.0,0.75,0.75
True,scene-0103,scene-0103_028,0.0,3.5,3.5
True,scene-0103,scene-0103_029,0.0,1.0,1.0
True,scene-0103,scene-0103_030,0.0,-0.0,0.0
True,scene-0103,scene-0103_031,0.0,-0.0,0.0
True,scene-0103,scene-0103_032,0.0,3.5,3.5
True,scene-0103,scene-0103_033,0.0,0.25,0.25
True,scene-0103,scene-0103_034,0.0,-0.5,0.5
True,scene-0103,scene-0103_035,0.0,0.25,0.25
True,scene-0103,scene-0103_036,0.0,-3.75,3.75
True,scene-0103,scene-0103_037,0.0,-0.25,0.25
True,scene-0103,scene-0103_038,0.0,-0.25,0.25
True,scene-0103,scene-0103_039,0.0,-3.5,3.5
True,scene-1094,scene-1094_000,0.0,-2.75,2.75
True,scene-1094,scene-1094_001,0.0,-0.0,0.0
True,scene-1094,scene-1094_002,0.0,-2.75,2.75
True,scene-1094,scene-1094_003,0.0,-2.0,2.0
True,scene-1094,scene-1094_004,0.0,-3.5,3.5
True,scene-1094,scene-1094_005,0.0,-0.0,0.0
True,scene-1094,scene-1094_006,0.0,-3.5,3.5
True,scene-1094,scene-1094_007,0.0,0.25,0.25
True,scene-1094,scene-1094_008,0.0,0.25,0.25
True,scene-1094,scene-1094_009,0.0,0.25,0.25
True,scene-1094,scene-1094_010,0.0,-1.75,1.75
True,scene-1094,scene-1094_011,0.0,0.25,0.25
True,scene-1094,scene-1094_012,0.0,-3.75,3.75
True,scene-1094,scene-1094_013,0.0,-2.5,2.5
True,scene-1094,scene-1094_014,0.0,-3.75,3.75
True,scene-1094,scene-1094_015,0.0,1.0,1.0
True,scene-1094,scene-1094_016,0.0,-0.5,0.5
True,scene-1094,scene-1094_017,0.0,0.5,0.5
True,scene-1094,scene-1094_018,0.0,0.25,0.25
True,scene-1094,scene-1094_019,0.0,0.25,0.25
True,scene-1094,scene-1094_020,0.0,-3.75,3.75
True,scene-1094,scene-1094_021,0.0,-0.0,0.0
True,scene-1094,scene-1094_022,0.0,-0.0,0.0
True,scene-1094,scene-1094_023,0.0,-1.5,1.5
True,scene-1094,scene-1094_024,0.0,0.25,0.25
True,scene-1094,scene-1094_025,0.0,0.25,0.25
True,scene-1094,scene-1094_026,0.0,-0.0,0.0
True,scene-1094,scene-1094_027,0.0,1.75,1.75
True,scene-1094,scene-1094_028,0.0,1.0,1.0
True,scene-1094,scene-1094_029,0.0,-0.0,0.0
True,scene-1094,scene-1094_030,0.0,3.75,3.75
True,scene-1094,scene-1094_031,0.0,-2.0,2.0
True,scene-1094,scene-1094_032,0.0,3.25,3.25
True,scene-1094,scene-1094_033,0.0,-4.0,4.0
True,scene-1094,scene-1094_034,0.0,0.5,0.5
True,scene-1094,scene-1094_035,0.0,-2.25,2.25
True,scene-1094,scene-1094_036,0.0,-3.25,3.25
True,scene-1094,scene-1094_037,0.0,1.25,1.25
True,scene-1094,scene-1094_038,0.0,3.5,3.5
True,scene-1094,scene-1094_039,0.0,-2.75,2.75
True,scene-0103,WINDOW,0.0,-0.0,0.0
True,scene-1094,WINDOW,0.0,0.25,0.25
True,scene-0103,scene-0103_000,0.5,0.5,0.0
True,scene-0103,scene-0103_001,0.5,2.75,2.25
True,scene-0103,scene-0103_002,0.5,-2.5,3.0
True,scene-0103,scene-0103_003,0.5,0.5,0.0
True,scene-0103,scene-0103_004,0.5,1.75,1.25
True,scene-0103,scene-0103_005,0.5,1.25,0.75
True,scene-0103,scene-0103_006,0.5,0.5,0.0
True,scene-0103,scene-0103_007,0.5,-0.0,0.5
True,scene-0103,scene-0103_008,0.5,0.5,0.0
True,scene-0103,scene-0103_009,0.5,1.75,1.25
True,scene-0103,scene-0103_010,0.5,4.0,3.5
True,scene-0103,scene-0103_011,0.5,2.25,1.75
True,scene-0103,scene-0103_012,0.5,3.0,2.5
True,scene-0103,scene-0103_013,0.5,3.25,2.75
True,scene-0103,scene-0103_014,0.5,4.0,3.5
True,scene-0103,scene-0103_015,0.5,4.0,3.5
True,scene-0103,scene-0103_016,0.5,1.0,0.5
True,scene-0103,scene-0103_017,0.5,2.5,2.0
True,scene-0103,scene-0103_018,0.5,2.0,1.5
True,scene-0103,scene-0103_019,0.5,-0.0,0.5
True,scene-0103,scene-0103_020,0.5,-1.25,1.75
True,scene-0103,scene-0103_021,0.5,3.75,3.25
True,scene-0103,scene-0103_022,0.5,1.25,0.75
True,scene-0103,scene-0103_023,0.5,3.0,2.5
True,scene-0103,scene-0103_024,0.5,0.5,0.0
True,scene-0103,scene-0103_025,0.5,0.75,0.25
True,scene-0103,scene-0103_026,0.5,0.5,0.0
True,scene-0103,scene-0103_027,0.5,1.25,0.75
True,scene-0103,scene-0103_028,0.5,4.0,3.5
True,scene-0103,scene-0103_029,0.5,1.5,1.0
True,scene-0103,scene-0103_030,0.5,0.5,0.0
True,scene-0103,scene-0103_031,0.5,0.5,0.0
True,scene-0103,scene-0103_032,0.5,4.0,3.5
True,scene-0103,scene-0103_033,0.5,0.75,0.25
True,scene-0103,scene-0103_034,0.5,-0.0,0.5
True,scene-0103,scene-0103_035,0.5,0.75,0.25
True,scene-0103,scene-0103_036,0.5,-3.25,3.75
True,scene-0103,scene-0103_037,0.5,0.25,0.25
True,scene-0103,scene-0103_038,0.5,0.25,0.25
True,scene-0103,scene-0103_039,0.5,-3.0,3.5
True,scene-1094,scene-1094_000,0.5,-2.25,2.75
True,scene-1094,scene-1094_001,0.5,0.5,0.0
True,scene-1094,scene-1094_002,0.5,-2.25,2.75
True,scene-1094,scene-1094_003,0.5,-1.5,2.0
True,scene-1094,scene-1094_004,0.5,-3.0,3.5
True,scene-1094,scene-1094_005,0.5,0.5,0.0
True,scene-1094,scene-1094_006,0.5,-3.0,3.5
True,scene-1094,scene-1094_007,0.5,-4.0,4.5
True,scene-1094,scene-1094_008,0.5,0.75,0.25
True,scene-1094,scene-1094_009,0.5,0.75,0.25
True,scene-1094,scene-1094_010,0.5,-1.25,1.75
True,scene-1094,scene-1094_011,0.5,0.75,0.25
True,scene-1094,scene-1094_012,0.5,-3.25,3.75
True,scene-1094,scene-1094_013,0.5,-2.0,2.5
True,scene-1094,scene-1094_014,0.5,-3.25,3.75
True,scene-1094,scene-1094_015,0.5,-4.0,4.5
True,scene-1094,scene-1094_016,0.5,-0.0,0.5
True,scene-1094,scene-1094_017,0.5,1.0,0.5
True,scene-1094,scene-1094_018,0.5,0.75,0.25
True,scene-1094,scene-1094_019,0.5,0.75,0.25
True,scene-1094,scene-1094_020,0.5,-3.25,3.75
True,scene-1094,scene-1094_021,0.5,0.5,0.0
True,scene-1094,scene-1094_022,0.5,-4.0,4.5
True,scene-1094,scene-1094_023,0.5,-1.0,1.5
True,scene-1094,scene-1094_024,0.5,0.75,0.25
True,scene-1094,scene-1094_025,0.5,0.75,0.25
True,scene-1094,scene-1094_026,0.5,0.5,0.0
True,scene-1094,scene-1094_027,0.5,2.25,1.75
True,scene-1094,scene-1094_028,0.5,1.5,1.0
True,scene-1094,scene-1094_029,0.5,0.5,0.0
True,scene-1094,scene-1094_030,0.5,0.75,0.25
True,scene-1094,scene-1094_031,0.5,-1.5,2.0
True,scene-1094,scene-1094_032,0.5,-4.0,4.5
True,scene-1094,scene-1094_033,0.5,-3.5,4.0
True,scene-1094,scene-1094_034,0.5,1.0,0.5
True,scene-1094,scene-1094_035,0.5,-1.75,2.25
True,scene-1094,scene-1094_036,0.5,-2.75,3.25
True,scene-1094,scene-1094_037,0.5,1.75,1.25
True,scene-1094,scene-1094_038,0.5,4.0,3.5
True,scene-1094,scene-1094_039,0.5,-2.25,2.75
True,scene-0103,WINDOW,0.5,0.5,0.0
True,scene-1094,WINDOW,0.5,0.75,0.25
True,scene-0103,scene-0103_000,1.0,1.0,0.0
True,scene-0103,scene-0103_001,1.0,3.25,2.25
True,scene-0103,scene-0103_002,1.0,-2.0,3.0
True,scene-0103,scene-0103_003,1.0,1.0,0.0
True,scene-0103,scene-0103_004,1.0,2.25,1.25
True,scene-0103,scene-0103_005,1.0,1.75,0.75
True,scene-0103,scene-0103_006,1.0,1.0,0.0
True,scene-0103,scene-0103_007,1.0,0.5,0.5
True,scene-0103,scene-0103_008,1.0,1.0,0.0
True,scene-0103,scene-0103_009,1.0,2.25,1.25
True,scene-0103,scene-0103_010,1.0,4.0,3.0
True,scene-0103,scene-0103_011,1.0,2.75,1.75
True,scene-0103,scene-0103_012,1.0,3.5,2.5
True,scene-0103,scene-0103_013,1.0,3.75,2.75
True,scene-0103,scene-0103_014,1.0,3.0,2.0
True,scene-0103,scene-0103_015,1.0,2.75,1.75
True,scene-0103,scene-0103_016,1.0,1.5,0.5
True,scene-0103,scene-0103_017,1.0,3.0,2.0
True,scene-0103,scene-0103_018,1.0,2.5,1.5
True,scene-0103,scene-0103_019,1.0,0.5,0.5
True,scene-0103,scene-0103_020,1.0,-0.75,1.75
True,scene-0103,scene-0103_021,1.0,4.0,3.0
True,scene-0103,scene-0103_022,1.0,1.75,0.75
True,scene-0103,scene-0103_023,1.0,3.5,2.5
True,scene-0103,scene-0103_024,1.0,1.0,0.0
True,scene-0103,scene-0103_025,1.0,1.25,0.25
True,scene-0103,scene-0103_026,1.0,1.0,0.0
True,scene-0103,scene-0103_027,1.0,1.75,0.75
True,scene-0103,scene-0103_028,1.0,3.5,2.5
True,scene-0103,scene-0103_029,1.0,2.0,1.0
True,scene-0103,scene-0103_030,1.0,1.0,0.0
True,scene-0103,scene-0103_031,1.0,1.0,0.0
True,scene-0103,scene-0103_032,1.0,4.0,3.0
True,scene-0103,scene-0103_033,1.0,1.25,0.25
True,scene-0103,scene-0103_034,1.0,0.5,0.5
True,scene-0103,scene-0103_035,1.0,1.25,0.25
True,scene-0103,scene-0103_036,1.0,-2.75,3.75
True,scene-0103,scene-0103_037,1.0,0.75,0.25
True,scene-0103,scene-0103_038,1.0,0.75,0.25
True,scene-0103,scene-0103_039,1.0,-2.5,3.5
True,scene-1094,scene-1094_000,1.0,-1.75,2.75
True,scene-1094,scene-1094_001,1.0,1.0,0.0
True,scene-1094,scene-1094_002,1.0,-1.75,2.75
True,scene-1094,scene-1094_003,1.0,-1.0,2.0
True,scene-1094,scene-1094_004,1.0,-4.0,5.0
True,scene-1094,scene-1094_005,1.0,1.0,0.0
True,scene-1094,scene-1094_006,1.0,-2.5,3.5
True,scene-1094,scene-1094_007,1.0,-4.0,5.0
True,scene-1094,scene-1094_008,1.0,1.25,0.25
True,scene-1094,scene-1094_009,1.0,1.25,0.25
True,scene-1094,scene-1094_010,1.0,-0.75,1.75
True,scene-1094,scene-1094_011,1.0,1.25,0.25
True,scene-1094,scene-1094_012,1.0,-2.75,3.75
True,scene-1094,scene-1094_013,1.0,-1.5,2.5
True,scene-1094,scene-1094_014,1.0,-2.75,3.75
True,scene-1094,scene-1094_015,1.0,-4.0,5.0
True,scene-1094,scene-1094_016,1.0,0.5,0.5
True,scene-1094,scene-1094_017,1.0,1.5,0.5
True,scene-1094,scene-1094_018,1.0,1.25,0.25
True,scene-1094,scene-1094_019,1.0,1.25,0.25
True,scene-1094,scene-1094_020,1.0,-2.75,3.75
True,scene-1094,scene-1094_021,1.0,1.0,0.0
True,scene-1094,scene-1094_022,1.0,-3.5,4.5
True,scene-1094,scene-1094_023,1.0,-0.5,1.5
True,scene-1094,scene-1094_024,1.0,1.25,0.25
True,scene-1094,scene-1094_025,1.0,1.25,0.25
True,scene-1094,scene-1094_026,1.0,1.0,0.0
True,scene-1094,scene-1094_027,1.0,2.75,1.75
True,scene-1094,scene-1094_028,1.0,2.0,1.0
True,scene-1094,scene-1094_029,1.0,1.0,0.0
True,scene-1094,scene-1094_030,1.0,1.25,0.25
True,scene-1094,scene-1094_031,1.0,-1.0,2.0
True,scene-1094,scene-1094_032,1.0,-4.0,5.0
True,scene-1094,scene-1094_033,1.0,-3.0,4.0
True,scene-1094,scene-1094_034,1.0,1.5,0.5
True,scene-1094,scene-1094_035,1.0,-1.25,2.25
True,scene-1094,scene-1094_036,1.0,-2.25,3.25
True,scene-1094,scene-1094_037,1.0,-4.0,5.0
True,scene-1094,scene-1094_038,1.0,-3.5,4.5
True,scene-1094,scene-1094_039,1.0,-1.75,2.75
True,scene-0103,WINDOW,1.0,1.0,0.0
True,scene-1094,WINDOW,1.0,1.25,0.25
True,scene-0103,scene-0103_000,2.0,2.0,0.0
True,scene-0103,scene-0103_001,2.0,-4.0,6.0
True,scene-0103,scene-0103_002,2.0,-1.0,3.0
True,scene-0103,scene-0103_003,2.0,2.0,0.0
True,scene-0103,scene-0103_004,2.0,3.25,1.25
True,scene-0103,scene-0103_005,2.0,2.75,0.75
True,scene-0103,scene-0103_006,2.0,2.0,0.0
True,scene-0103,scene-0103_007,2.0,1.5,0.5
True,scene-0103,scene-0103_008,2.0,2.0,0.0
True,scene-0103,scene-0103_009,2.0,3.25,1.25
True,scene-0103,scene-0103_010,2.0,3.75,1.75
True,scene-0103,scene-0103_011,2.0,3.75,1.75
True,scene-0103,scene-0103_012,2.0,1.75,0.25
True,scene-0103,scene-0103_013,2.0,1.75,0.25
True,scene-0103,scene-0103_014,2.0,4.0,2.0
True,scene-0103,scene-0103_015,2.0,3.75,1.75
True,scene-0103,scene-0103_016,2.0,2.5,0.5
True,scene-0103,scene-0103_017,2.0,4.0,2.0
True,scene-0103,scene-0103_018,2.0,-3.25,5.25
True,scene-0103,scene-0103_019,2.0,1.5,0.5
True,scene-0103,scene-0103_020,2.0,0.25,1.75
True,scene-0103,scene-0103_021,2.0,3.75,1.75
True,scene-0103,scene-0103_022,2.0,2.75,0.75
True,scene-0103,scene-0103_023,2.0,3.0,1.0
True,scene-0103,scene-0103_024,2.0,2.0,0.0
True,scene-0103,scene-0103_025,2.0,2.25,0.25
True,scene-0103,scene-0103_026,2.0,2.0,0.0
True,scene-0103,scene-0103_027,2.0,2.75,0.75
True,scene-0103,scene-0103_028,2.0,1.5,0.5
True,scene-0103,scene-0103_029,2.0,3.0,1.0
True,scene-0103,scene-0103_030,2.0,2.0,0.0
True,scene-0103,scene-0103_031,2.0,2.0,0.0
True,scene-0103,scene-0103_032,2.0,2.75,0.75
True,scene-0103,scene-0103_033,2.0,2.25,0.25
True,scene-0103,scene-0103_034,2.0,1.5,0.5
True,scene-0103,scene-0103_035,2.0,2.25,0.25
True,scene-0103,scene-0103_036,2.0,-1.75,3.75
True,scene-0103,scene-0103_037,2.0,1.75,0.25
True,scene-0103,scene-0103_038,2.0,1.75,0.25
True,scene-0103,scene-0103_039,2.0,-1.5,3.5
True,scene-1094,scene-1094_000,2.0,-0.75,2.75
True,scene-1094,scene-1094_001,2.0,2.0,0.0
True,scene-1094,scene-1094_002,2.0,-0.75,2.75
True,scene-1094,scene-1094_003,2.0,-0.0,2.0
True,scene-1094,scene-1094_004,2.0,-4.0,6.0
True,scene-1094,scene-1094_005,2.0,2.0,0.0
True,scene-1094,scene-1094_006,2.0,-1.5,3.5
True,scene-1094,scene-1094_007,2.0,-3.25,5.25
True,scene-1094,scene-1094_008,2.0,2.25,0.25
True,scene-1094,scene-1094_009,2.0,2.25,0.25
True,scene-1094,scene-1094_010,2.0,0.25,1.75
True,scene-1094,scene-1094_011,2.0,2.25,0.25
True,scene-1094,scene-1094_012,2.0,-1.75,3.75
True,scene-1094,scene-1094_013,2.0,-0.5,2.5
True,scene-1094,scene-1094_014,2.0,-1.75,3.75
True,scene-1094,scene-1094_015,2.0,-3.0,5.0
True,scene-1094,scene-1094_016,2.0,1.5,0.5
True,scene-1094,scene-1094_017,2.0,2.5,0.5
True,scene-1094,scene-1094_018,2.0,2.25,0.25
True,scene-1094,scene-1094_019,2.0,2.25,0.25
True,scene-1094,scene-1094_020,2.0,-1.75,3.75
True,scene-1094,scene-1094_021,2.0,2.0,0.0
True,scene-1094,scene-1094_022,2.0,-2.5,4.5
True,scene-1094,scene-1094_023,2.0,-3.25,5.25
True,scene-1094,scene-1094_024,2.0,2.25,0.25
True,scene-1094,scene-1094_025,2.0,2.25,0.25
True,scene-1094,scene-1094_026,2.0,2.0,0.0
True,scene-1094,scene-1094_027,2.0,3.75,1.75
True,scene-1094,scene-1094_028,2.0,3.0,1.0
True,scene-1094,scene-1094_029,2.0,2.0,0.0
True,scene-1094,scene-1094_030,2.0,2.25,0.25
True,scene-1094,scene-1094_031,2.0,-0.0,2.0
True,scene-1094,scene-1094_032,2.0,-3.25,5.25
True,scene-1094,scene-1094_033,2.0,-2.0,4.0
True,scene-1094,scene-1094_034,2.0,2.5,0.5
True,scene-1094,scene-1094_035,2.0,-0.25,2.25
True,scene-1094,scene-1094_036,2.0,-1.25,3.25
True,scene-1094,scene-1094_037,2.0,-3.0,5.0
True,scene-1094,scene-1094_038,2.0,-2.5,4.5
True,scene-1094,scene-1094_039,2.0,-4.0,6.0
True,scene-0103,WINDOW,2.0,2.0,0.0
True,scene-1094,WINDOW,2.0,2.25,0.25
True,scene-0103,scene-0103_000,3.0,3.0,0.0
True,scene-0103,scene-0103_001,3.0,-3.25,6.25
True,scene-0103,scene-0103_002,3.0,-0.0,3.0
True,scene-0103,scene-0103_003,3.0,3.0,0.0
True,scene-0103,scene-0103_004,3.0,3.0,0.0
True,scene-0103,scene-0103_005,3.0,3.75,0.75
True,scene-0103,scene-0103_006,3.0,3.0,0.0
True,scene-0103,scene-0103_007,3.0,2.5,0.5
True,scene-0103,scene-0103_008,3.0,3.0,0.0
True,scene-0103,scene-0103_009,3.0,3.25,0.25
True,scene-0103,scene-0103_010,3.0,2.75,0.25
True,scene-0103,scene-0103_011,3.0,3.0,0.0
True,scene-0103,scene-0103_012,3.0,2.75,0.25
True,scene-0103,scene-0103_013,3.0,2.75,0.25
True,scene-0103,scene-0103_014,3.0,4.0,1.0
True,scene-0103,scene-0103_015,3.0,3.25,0.25
True,scene-0103,scene-0103_016,3.0,3.5,0.5
True,scene-0103,scene-0103_017,3.0,2.75,0.25
True,scene-0103,scene-0103_018,3.0,-3.75,6.75
True,scene-0103,scene-0103_019,3.0,2.5,0.5
True,scene-0103,scene-0103_020,3.0,1.25,1.75
True,scene-0103,scene-0103_021,3.0,-3.75,6.75
True,scene-0103,scene-0103_022,3.0,3.75,0.75
True,scene-0103,scene-0103_023,3.0,4.0,1.0
True,scene-0103,scene-0103_024,3.0,3.0,0.0
True,scene-0103,scene-0103_025,3.0,3.25,0.25
True,scene-0103,scene-0103_026,3.0,3.0,0.0
True,scene-0103,scene-0103_027,3.0,3.75,0.75
True,scene-0103,scene-0103_028,3.0,2.5,0.5
True,scene-0103,scene-0103_029,3.0,4.0,1.0
True,scene-0103,scene-0103_030,3.0,3.0,0.0
True,scene-0103,scene-0103_031,3.0,3.0,0.0
True,scene-0103,scene-0103_032,3.0,3.75,0.75
True,scene-0103,scene-0103_033,3.0,3.25,0.25
True,scene-0103,scene-0103_034,3.0,-3.5,6.5
True,scene-0103,scene-0103_035,3.0,3.25,0.25
True,scene-0103,scene-0103_036,3.0,-0.75,3.75
True,scene-0103,scene-0103_037,3.0,2.75,0.25
True,scene-0103,scene-0103_038,3.0,-3.25,6.25
True,scene-0103,scene-0103_039,3.0,-0.5,3.5
True,scene-1094,scene-1094_000,3.0,0.25,2.75
True,scene-1094,scene-1094_001,3.0,-3.5,6.5
True,scene-1094,scene-1094_002,3.0,0.25,2.75
True,scene-1094,scene-1094_003,3.0,1.0,2.0
True,scene-1094,scene-1094_004,3.0,-3.75,6.75
True,scene-1094,scene-1094_005,3.0,3.0,0.0
True,scene-1094,scene-1094_006,3.0,-3.5,6.5
True,scene-1094,scene-1094_007,3.0,-2.25,5.25
True,scene-1094,scene-1094_008,3.0,3.25,0.25
True,scene-1094,scene-1094_009,3.0,3.25,0.25
True,scene-1094,scene-1094_010,3.0,1.25,1.75
True,scene-1094,scene-1094_011,3.0,3.25,0.25
True,scene-1094,scene-1094_012,3.0,-0.75,3.75
True,scene-1094,scene-1094_013,3.0,0.5,2.5
True,scene-1094,scene-1094_014,3.0,-3.25,6.25
True,scene-1094,scene-1094_015,3.0,-2.0,5.0
True,scene-1094,scene-1094_016,3.0,2.5,0.5
True,scene-1094,scene-1094_017,3.0,3.5,0.5
True,scene-1094,scene-1094_018,3.0,3.25,0.25
True,scene-1094,scene-1094_019,3.0,3.25,0.25
True,scene-1094,scene-1094_020,3.0,-0.75,3.75
True,scene-1094,scene-1094_021,3.0,3.0,0.0
True,scene-1094,scene-1094_022,3.0,-3.5,6.5
True,scene-1094,scene-1094_023,3.0,-2.25,5.25
True,scene-1094,scene-1094_024,3.0,3.25,0.25
True,scene-1094,scene-1094_025,3.0,-3.75,6.75
True,scene-1094,scene-1094_026,3.0,3.0,0.0
True,scene-1094,scene-1094_027,3.0,2.75,0.25
True,scene-1094,scene-1094_028,3.0,4.0,1.0
True,scene-1094,scene-1094_029,3.0,3.0,0.0
True,scene-1094,scene-1094_030,3.0,3.25,0.25
True,scene-1094,scene-1094_031,3.0,1.0,2.0
True,scene-1094,scene-1094_032,3.0,-2.25,5.25
True,scene-1094,scene-1094_033,3.0,-1.0,4.0
True,scene-1094,scene-1094_034,3.0,3.5,0.5
True,scene-1094,scene-1094_035,3.0,0.75,2.25
True,scene-1094,scene-1094_036,3.0,-3.25,6.25
True,scene-1094,scene-1094_037,3.0,-2.0,5.0
True,scene-1094,scene-1094_038,3.0,-3.5,6.5
True,scene-1094,scene-1094_039,3.0,-3.0,6.0
True,scene-0103,WINDOW,3.0,3.0,0.0
True,scene-1094,WINDOW,3.0,3.25,0.25
